timestamp,Actiwatch activity counts,Actiware classification,Apple Watch ENMO
05/01/2000 22:38:00,164,NA,0.104629784
05/01/2000 22:38:15,350,NA,0.331388204
05/01/2000 22:38:30,350,NA,0.256418761
05/01/2000 22:38:45,438,NA,0.51961447
05/01/2000 22:39:00,385,1,0.214524249
05/01/2000 22:39:15,67,1,0.092728204
05/01/2000 22:39:30,194,1,0.18437407
05/01/2000 22:39:45,253,1,0.201551596
05/01/2000 22:40:00,164,1,0.119368531
05/01/2000 22:40:15,4,1,0.004962188
05/01/2000 22:40:30,0,1,0.002918824
05/01/2000 22:40:45,0,1,0.003042216
05/01/2000 22:41:00,5,1,0.020161348
05/01/2000 22:41:15,23,1,0.002956891
05/01/2000 22:41:30,0,0,0.001510022
05/01/2000 22:41:45,0,0,0.001440641
05/01/2000 22:42:00,0,0,0.001334761
05/01/2000 22:42:15,0,0,0.00129297
05/01/2000 22:42:30,0,0,0.001745939
05/01/2000 22:42:45,0,0,0.004452616
05/01/2000 22:43:00,0,0,0.004406001
05/01/2000 22:43:15,0,0,0.002299489
05/01/2000 22:43:30,0,0,0.001677183
05/01/2000 22:43:45,0,0,0.00200256
05/01/2000 22:44:00,0,0,0.001343149
05/01/2000 22:44:15,0,0,0.001234294
05/01/2000 22:44:30,0,0,0.001228757
05/01/2000 22:44:45,0,0,0.001256007
05/01/2000 22:45:00,0,0,0.001253179
05/01/2000 22:45:15,0,0,0.001248879
05/01/2000 22:45:30,0,0,0.001135207
05/01/2000 22:45:45,0,0,0.001487022
05/01/2000 22:46:00,0,0,0.001060082
05/01/2000 22:46:15,0,0,0.002089804
05/01/2000 22:46:30,0,0,0.001184795
05/01/2000 22:46:45,0,0,0.00118148
05/01/2000 22:47:00,0,0,0.001265568
05/01/2000 22:47:15,0,0,0.001602558
05/01/2000 22:47:30,0,0,0.002270468
05/01/2000 22:47:45,0,0,0.003061339
05/01/2000 22:48:00,0,0,0.002113824
05/01/2000 22:48:15,0,0,0.001821035
05/01/2000 22:48:30,0,0,0.001288146
05/01/2000 22:48:45,0,0,0.00145736
05/01/2000 22:49:00,0,0,0.001272839
05/01/2000 22:49:15,0,0,0.00138252
05/01/2000 22:49:30,0,0,0.001614477
05/01/2000 22:49:45,40,1,0.0329038
05/01/2000 22:50:00,0,0,0.003151692
05/01/2000 22:50:15,0,0,0.002067428
05/01/2000 22:50:30,0,0,0.002270123
05/01/2000 22:50:45,0,0,0.002047118
05/01/2000 22:51:00,0,0,0.002007027
05/01/2000 22:51:15,0,0,0.001974439
05/01/2000 22:51:30,0,0,0.002515839
05/01/2000 22:51:45,0,0,0.002264801
05/01/2000 22:52:00,0,0,0.002282819
05/01/2000 22:52:15,0,0,0.002278783
05/01/2000 22:52:30,0,0,0.002245182
05/01/2000 22:52:45,0,0,0.002291134
05/01/2000 22:53:00,0,0,0.002444062
05/01/2000 22:53:15,0,0,0.002295721
05/01/2000 22:53:30,0,0,0.002287669
05/01/2000 22:53:45,0,0,0.00223898
05/01/2000 22:54:00,0,0,0.002191489
05/01/2000 22:54:15,0,0,0.002257488
05/01/2000 22:54:30,0,0,0.002252059
05/01/2000 22:54:45,0,0,0.002270605
05/01/2000 22:55:00,0,0,0.002248849
05/01/2000 22:55:15,0,0,0.002333399
05/01/2000 22:55:30,0,0,0.002542458
05/01/2000 22:55:45,0,0,0.002241607
05/01/2000 22:56:00,0,0,0.002344794
05/01/2000 22:56:15,0,0,0.00252509
05/01/2000 22:56:30,0,0,0.002217056
05/01/2000 22:56:45,0,0,0.002326332
05/01/2000 22:57:00,0,0,0.002316793
05/01/2000 22:57:15,0,0,0.002274082
05/01/2000 22:57:30,0,0,0.002275748
05/01/2000 22:57:45,0,0,0.002262972
05/01/2000 22:58:00,0,0,0.002402751
05/01/2000 22:58:15,0,0,0.002395511
05/01/2000 22:58:30,3,0,0.004801086
05/01/2000 22:58:45,0,0,0.002392411
05/01/2000 22:59:00,0,0,0.002368401
05/01/2000 22:59:15,0,0,0.002361588
05/01/2000 22:59:30,3,0,0.008310292
05/01/2000 22:59:45,30,1,0.018073891
05/01/2000 23:00:00,0,0,0.001796539
05/01/2000 23:00:15,0,0,0.002360922
05/01/2000 23:00:30,0,0,0.001928419
05/01/2000 23:00:45,0,0,0.002008195
05/01/2000 23:01:00,0,0,0.001977673
05/01/2000 23:01:15,0,0,0.002305215
05/01/2000 23:01:30,0,0,0.001842363
05/01/2000 23:01:45,0,0,0.001946945
05/01/2000 23:02:00,0,0,0.002941113
05/01/2000 23:02:15,0,0,0.001841139
05/01/2000 23:02:30,0,0,0.001920331
05/01/2000 23:02:45,0,0,0.001996505
05/01/2000 23:03:00,0,0,0.00202422
05/01/2000 23:03:15,0,0,0.00184846
05/01/2000 23:03:30,0,0,0.001935897
05/01/2000 23:03:45,0,0,0.002161958
05/01/2000 23:04:00,0,0,0.001885391
05/01/2000 23:04:15,0,0,0.002133994
05/01/2000 23:04:30,0,0,0.001879926
05/01/2000 23:04:45,0,0,0.001968069
05/01/2000 23:05:00,0,0,0.001812571
05/01/2000 23:05:15,0,0,0.00189625
05/01/2000 23:05:30,0,0,0.001851245
05/01/2000 23:05:45,0,0,0.00187302
05/01/2000 23:06:00,2,0,0.002803699
05/01/2000 23:06:15,0,0,0.00170098
05/01/2000 23:06:30,0,0,0.001894336
05/01/2000 23:06:45,0,0,0.001827702
05/01/2000 23:07:00,0,0,0.001717535
05/01/2000 23:07:15,0,0,0.001754642
05/01/2000 23:07:30,0,0,0.001629459
05/01/2000 23:07:45,0,0,0.002869293
05/01/2000 23:08:00,0,0,0.002382943
05/01/2000 23:08:15,0,0,0.001810027
05/01/2000 23:08:30,0,0,0.001839154
05/01/2000 23:08:45,0,0,0.001802439
05/01/2000 23:09:00,0,0,0.001832034
05/01/2000 23:09:15,0,0,0.001764701
05/01/2000 23:09:30,0,0,0.002046568
05/01/2000 23:09:45,0,0,0.001834442
05/01/2000 23:10:00,0,0,0.001815126
05/01/2000 23:10:15,0,0,0.001817349
05/01/2000 23:10:30,0,0,0.001834219
05/01/2000 23:10:45,0,0,0.001840086
05/01/2000 23:11:00,0,0,0.00296174
05/01/2000 23:11:15,0,0,0.005097559
05/01/2000 23:11:30,0,0,0.002862779
05/01/2000 23:11:45,0,0,0.00214739
05/01/2000 23:12:00,0,0,0.002873869
05/01/2000 23:12:15,0,0,0.003071498
05/01/2000 23:12:30,0,0,0.003422438
05/01/2000 23:12:45,0,0,0.001904981
05/01/2000 23:13:00,0,0,0.002685246
05/01/2000 23:13:15,0,0,0.002401108
05/01/2000 23:13:30,0,0,0.002503894
05/01/2000 23:13:45,0,0,0.002608291
05/01/2000 23:14:00,0,0,0.002138732
05/01/2000 23:14:15,0,0,0.00224091
05/01/2000 23:14:30,0,0,0.001951985
05/01/2000 23:14:45,0,0,0.004308021
05/01/2000 23:15:00,0,0,0.005034505
05/01/2000 23:15:15,0,0,0.005295898
05/01/2000 23:15:30,0,0,0.003054696
05/01/2000 23:15:45,0,0,0.001761714
05/01/2000 23:16:00,0,0,0.001827454
05/01/2000 23:16:15,0,0,0.002465102
05/01/2000 23:16:30,0,0,0.001819003
05/01/2000 23:16:45,0,0,0.001760773
05/01/2000 23:17:00,0,0,0.002289613
05/01/2000 23:17:15,0,0,0.001825092
05/01/2000 23:17:30,0,0,0.002601748
05/01/2000 23:17:45,0,0,0.001702318
05/01/2000 23:18:00,0,0,0.001753481
05/01/2000 23:18:15,0,0,0.001687111
05/01/2000 23:18:30,0,0,0.00174808
05/01/2000 23:18:45,0,0,0.001625481
05/01/2000 23:19:00,0,0,0.001675262
05/01/2000 23:19:15,0,0,0.001735277
05/01/2000 23:19:30,0,0,0.001751745
05/01/2000 23:19:45,0,0,0.001705526
05/01/2000 23:20:00,0,0,0.001724465
05/01/2000 23:20:15,0,0,0.001636281
05/01/2000 23:20:30,0,0,0.001676741
05/01/2000 23:20:45,0,0,0.001672471
05/01/2000 23:21:00,0,0,0.001717347
05/01/2000 23:21:15,0,0,0.001782672
05/01/2000 23:21:30,0,0,0.001659626
05/01/2000 23:21:45,0,0,0.001814867
05/01/2000 23:22:00,0,0,0.00167752
05/01/2000 23:22:15,0,0,0.001791238
05/01/2000 23:22:30,0,0,0.001943253
05/01/2000 23:22:45,0,0,0.001635509
05/01/2000 23:23:00,0,0,0.001659786
05/01/2000 23:23:15,0,0,0.001643404
05/01/2000 23:23:30,0,0,0.001606595
05/01/2000 23:23:45,0,0,0.001545324
05/01/2000 23:24:00,0,0,0.001765362
05/01/2000 23:24:15,0,0,0.002862289
05/01/2000 23:24:30,0,0,0.003061421
05/01/2000 23:24:45,0,0,0.004320269
05/01/2000 23:25:00,0,0,0.001860585
05/01/2000 23:25:15,0,0,0.001740666
05/01/2000 23:25:30,0,0,0.001658098
05/01/2000 23:25:45,0,0,0.003831674
05/01/2000 23:26:00,0,0,0.001887676
05/01/2000 23:26:15,0,0,0.001812988
05/01/2000 23:26:30,0,0,0.001756245
05/01/2000 23:26:45,0,0,0.001641328
05/01/2000 23:27:00,0,0,0.001673947
05/01/2000 23:27:15,0,0,0.00165889
05/01/2000 23:27:30,0,0,0.0016566
05/01/2000 23:27:45,0,0,0.001761932
05/01/2000 23:28:00,0,0,0.0018482
05/01/2000 23:28:15,0,0,0.001997299
05/01/2000 23:28:30,0,0,0.001636019
05/01/2000 23:28:45,0,0,0.001576749
05/01/2000 23:29:00,0,0,0.00161815
05/01/2000 23:29:15,0,0,0.001587229
05/01/2000 23:29:30,0,0,0.002125459
05/01/2000 23:29:45,0,0,0.001653216
05/01/2000 23:30:00,0,0,0.002072696
05/01/2000 23:30:15,0,0,0.001643867
05/01/2000 23:30:30,0,0,0.001738961
05/01/2000 23:30:45,0,0,0.001699646
05/01/2000 23:31:00,0,0,0.001752517
05/01/2000 23:31:15,0,0,0.001865761
05/01/2000 23:31:30,0,0,0.001461813
05/01/2000 23:31:45,0,0,0.0015498
05/01/2000 23:32:00,0,0,0.001467733
05/01/2000 23:32:15,0,0,0.002153526
05/01/2000 23:32:30,0,0,0.00154665
05/01/2000 23:32:45,0,0,0.001623025
05/01/2000 23:33:00,0,0,0.001830964
05/01/2000 23:33:15,0,0,0.001855104
05/01/2000 23:33:30,0,0,0.002503058
05/01/2000 23:33:45,0,0,0.001768211
05/01/2000 23:34:00,0,0,0.001696625
05/01/2000 23:34:15,0,0,0.001640419
05/01/2000 23:34:30,0,0,0.001761045
05/01/2000 23:34:45,0,0,0.001658882
05/01/2000 23:35:00,0,0,0.002025124
05/01/2000 23:35:15,0,0,0.001618972
05/01/2000 23:35:30,0,0,0.00166272
05/01/2000 23:35:45,0,0,0.001621032
05/01/2000 23:36:00,0,0,0.001640964
05/01/2000 23:36:15,0,0,0.001589481
05/01/2000 23:36:30,0,0,0.001781173
05/01/2000 23:36:45,0,0,0.001645367
05/01/2000 23:37:00,0,0,0.00218216
05/01/2000 23:37:15,0,0,0.001778063
05/01/2000 23:37:30,0,0,0.001653217
05/01/2000 23:37:45,0,0,0.001709683
05/01/2000 23:38:00,0,0,0.001678478
05/01/2000 23:38:15,0,0,0.00162515
05/01/2000 23:38:30,0,0,0.001703527
05/01/2000 23:38:45,0,0,0.001632476
05/01/2000 23:39:00,0,0,0.001638765
05/01/2000 23:39:15,0,0,0.001684235
05/01/2000 23:39:30,0,0,0.00165232
05/01/2000 23:39:45,0,0,0.001613411
05/01/2000 23:40:00,0,0,0.001630321
05/01/2000 23:40:15,0,0,0.001696273
05/01/2000 23:40:30,0,0,0.001888477
05/01/2000 23:40:45,0,0,0.001870343
05/01/2000 23:41:00,0,0,0.001614223
05/01/2000 23:41:15,0,0,0.001839036
05/01/2000 23:41:30,0,0,0.001612518
05/01/2000 23:41:45,0,0,0.002200853
05/01/2000 23:42:00,0,0,0.00168661
05/01/2000 23:42:15,0,0,0.001604264
05/01/2000 23:42:30,0,0,0.001607653
05/01/2000 23:42:45,0,0,0.00166303
05/01/2000 23:43:00,0,0,0.001660266
05/01/2000 23:43:15,0,0,0.00250657
05/01/2000 23:43:30,0,0,0.002242227
05/01/2000 23:43:45,0,0,0.001641516
05/01/2000 23:44:00,0,0,0.001627334
05/01/2000 23:44:15,0,0,0.001573442
05/01/2000 23:44:30,0,0,0.001607619
05/01/2000 23:44:45,0,0,0.001803044
05/01/2000 23:45:00,0,0,0.001555961
05/01/2000 23:45:15,0,0,0.001752646
05/01/2000 23:45:30,0,0,0.001748539
05/01/2000 23:45:45,0,0,0.001613635
05/01/2000 23:46:00,0,0,0.001847183
05/01/2000 23:46:15,0,0,0.001976731
05/01/2000 23:46:30,0,0,0.001976322
05/01/2000 23:46:45,0,0,0.00165487
05/01/2000 23:47:00,0,0,0.001680396
05/01/2000 23:47:15,0,0,0.00165604
05/01/2000 23:47:30,0,0,0.001604107
05/01/2000 23:47:45,0,0,0.001546601
05/01/2000 23:48:00,0,0,0.001634334
05/01/2000 23:48:15,0,0,0.001562797
05/01/2000 23:48:30,0,0,0.001586758
05/01/2000 23:48:45,0,0,0.001636225
05/01/2000 23:49:00,0,0,0.001781528
05/01/2000 23:49:15,0,0,0.001631493
05/01/2000 23:49:30,0,0,0.001702239
05/01/2000 23:49:45,0,0,0.001636253
05/01/2000 23:50:00,0,0,0.001641995
05/01/2000 23:50:15,0,0,0.001635058
05/01/2000 23:50:30,0,0,0.001622946
05/01/2000 23:50:45,0,0,0.001676296
05/01/2000 23:51:00,0,0,0.001692406
05/01/2000 23:51:15,0,0,0.001677667
05/01/2000 23:51:30,0,0,0.001718534
05/01/2000 23:51:45,0,0,0.001802232
05/01/2000 23:52:00,0,0,0.00160831
05/01/2000 23:52:15,0,0,0.001713849
05/01/2000 23:52:30,0,0,0.001633974
05/01/2000 23:52:45,0,0,0.00163477
05/01/2000 23:53:00,0,0,0.001708088
05/01/2000 23:53:15,0,0,0.001704788
05/01/2000 23:53:30,0,0,0.001717367
05/01/2000 23:53:45,0,0,0.001611547
05/01/2000 23:54:00,0,0,0.001609742
05/01/2000 23:54:15,0,0,0.001707191
05/01/2000 23:54:30,0,0,0.001815865
05/01/2000 23:54:45,0,0,0.001671006
05/01/2000 23:55:00,0,0,0.001790319
05/01/2000 23:55:15,0,0,0.001759384
05/01/2000 23:55:30,0,0,0.001705465
05/01/2000 23:55:45,0,0,0.001692179
05/01/2000 23:56:00,0,0,0.00167732
05/01/2000 23:56:15,0,0,0.00174966
05/01/2000 23:56:30,0,0,0.001669577
05/01/2000 23:56:45,0,0,0.001689991
05/01/2000 23:57:00,0,0,0.001815088
05/01/2000 23:57:15,0,0,0.001616493
05/01/2000 23:57:30,0,0,0.001701194
05/01/2000 23:57:45,0,0,0.001723137
05/01/2000 23:58:00,0,0,0.001735819
05/01/2000 23:58:15,0,0,0.001686987
05/01/2000 23:58:30,0,0,0.001725733
05/01/2000 23:58:45,0,0,0.001716475
05/01/2000 23:59:00,0,0,0.00169638
05/01/2000 23:59:15,0,0,0.001743673
05/01/2000 23:59:30,0,0,0.001637278
05/01/2000 23:59:45,0,0,0.001771347
06/01/2000 00:00:00,0,0,0.001725576
06/01/2000 00:00:15,0,0,0.001686232
06/01/2000 00:00:30,0,0,0.001690234
06/01/2000 00:00:45,0,0,0.001696589
06/01/2000 00:01:00,0,0,0.00172322
06/01/2000 00:01:15,0,0,0.001866981
06/01/2000 00:01:30,0,0,0.001540785
06/01/2000 00:01:45,0,0,0.001605975
06/01/2000 00:02:00,0,0,0.001711484
06/01/2000 00:02:15,0,0,0.001649357
06/01/2000 00:02:30,0,0,0.001690005
06/01/2000 00:02:45,0,0,0.001771788
06/01/2000 00:03:00,0,0,0.001584775
06/01/2000 00:03:15,0,0,0.0015897
06/01/2000 00:03:30,0,0,0.001596081
06/01/2000 00:03:45,0,0,0.00190593
06/01/2000 00:04:00,0,0,0.001628387
06/01/2000 00:04:15,0,0,0.002015848
06/01/2000 00:04:30,0,0,0.001632463
06/01/2000 00:04:45,0,0,0.001676442
06/01/2000 00:05:00,0,0,0.001735795
06/01/2000 00:05:15,0,0,0.001622546
06/01/2000 00:05:30,0,0,0.001620755
06/01/2000 00:05:45,0,0,0.00165171
06/01/2000 00:06:00,0,0,0.001610001
06/01/2000 00:06:15,0,0,0.001641169
06/01/2000 00:06:30,0,0,0.001615456
06/01/2000 00:06:45,0,0,0.001685259
06/01/2000 00:07:00,0,0,0.001664852
06/01/2000 00:07:15,0,0,0.001707466
06/01/2000 00:07:30,0,0,0.001678266
06/01/2000 00:07:45,0,0,0.001600253
06/01/2000 00:08:00,0,0,0.001581052
06/01/2000 00:08:15,0,0,0.001661838
06/01/2000 00:08:30,0,0,0.001701919
06/01/2000 00:08:45,0,0,0.001553433
06/01/2000 00:09:00,0,0,0.001615067
06/01/2000 00:09:15,0,0,0.001645227
06/01/2000 00:09:30,0,0,0.001698509
06/01/2000 00:09:45,0,0,0.001610299
06/01/2000 00:10:00,0,0,0.001556394
06/01/2000 00:10:15,0,0,0.001713453
06/01/2000 00:10:30,0,0,0.001542737
06/01/2000 00:10:45,0,0,0.001797947
06/01/2000 00:11:00,0,0,0.001614661
06/01/2000 00:11:15,0,0,0.00155454
06/01/2000 00:11:30,0,0,0.001575803
06/01/2000 00:11:45,0,0,0.001616475
06/01/2000 00:12:00,0,0,0.001593353
06/01/2000 00:12:15,0,0,0.001617741
06/01/2000 00:12:30,0,0,0.001556406
06/01/2000 00:12:45,0,0,0.001651166
06/01/2000 00:13:00,0,0,0.001687445
06/01/2000 00:13:15,0,0,0.001660907
06/01/2000 00:13:30,0,0,0.001662081
06/01/2000 00:13:45,0,0,0.001738189
06/01/2000 00:14:00,0,0,0.001611693
06/01/2000 00:14:15,0,0,0.001625791
06/01/2000 00:14:30,0,0,0.001666808
06/01/2000 00:14:45,0,0,0.001764007
06/01/2000 00:15:00,0,0,0.001584843
06/01/2000 00:15:15,0,0,0.001611688
06/01/2000 00:15:30,0,0,0.001608755
06/01/2000 00:15:45,0,0,0.001597261
06/01/2000 00:16:00,0,0,0.001748639
06/01/2000 00:16:15,0,0,0.001934074
06/01/2000 00:16:30,0,0,0.001522722
06/01/2000 00:16:45,0,0,0.001636661
06/01/2000 00:17:00,0,0,0.001610127
06/01/2000 00:17:15,0,0,0.00176146
06/01/2000 00:17:30,0,0,0.001638273
06/01/2000 00:17:45,0,0,0.001686168
06/01/2000 00:18:00,0,0,0.001557954
06/01/2000 00:18:15,0,0,0.001611164
06/01/2000 00:18:30,0,0,0.001650927
06/01/2000 00:18:45,0,0,0.001621569
06/01/2000 00:19:00,0,0,0.001722462
06/01/2000 00:19:15,0,0,0.001821824
06/01/2000 00:19:30,0,0,0.001602452
06/01/2000 00:19:45,0,0,0.001639428
06/01/2000 00:20:00,0,0,0.001761615
06/01/2000 00:20:15,0,0,0.001552131
06/01/2000 00:20:30,0,0,0.001583383
06/01/2000 00:20:45,0,0,0.001610933
06/01/2000 00:21:00,0,0,0.001644549
06/01/2000 00:21:15,0,0,0.001574809
06/01/2000 00:21:30,0,0,0.001651333
06/01/2000 00:21:45,0,0,0.001591783
06/01/2000 00:22:00,0,0,0.001650123
06/01/2000 00:22:15,0,0,0.001693935
06/01/2000 00:22:30,60,1,0.047642371
06/01/2000 00:22:45,22,1,0.013510987
06/01/2000 00:23:00,0,0,0.006453722
06/01/2000 00:23:15,0,0,0.006811381
06/01/2000 00:23:30,0,0,0.006123068
06/01/2000 00:23:45,0,0,0.006076668
06/01/2000 00:24:00,0,0,0.006124922
06/01/2000 00:24:15,0,0,0.006028279
06/01/2000 00:24:30,0,0,0.006067566
06/01/2000 00:24:45,0,0,0.005989779
06/01/2000 00:25:00,0,0,0.005973712
06/01/2000 00:25:15,0,0,0.006301657
06/01/2000 00:25:30,0,0,0.005959739
06/01/2000 00:25:45,0,0,0.005946238
06/01/2000 00:26:00,0,0,0.005990297
06/01/2000 00:26:15,0,0,0.006023104
06/01/2000 00:26:30,0,0,0.00592962
06/01/2000 00:26:45,0,0,0.006004752
06/01/2000 00:27:00,0,0,0.005876419
06/01/2000 00:27:15,0,0,0.00585889
06/01/2000 00:27:30,0,0,0.005832725
06/01/2000 00:27:45,0,0,0.005922429
06/01/2000 00:28:00,0,0,0.005809057
06/01/2000 00:28:15,0,0,0.005834475
06/01/2000 00:28:30,0,0,0.005812656
06/01/2000 00:28:45,0,0,0.005913087
06/01/2000 00:29:00,0,0,0.005787884
06/01/2000 00:29:15,0,0,0.005773551
06/01/2000 00:29:30,0,0,0.005674727
06/01/2000 00:29:45,0,0,0.005725573
06/01/2000 00:30:00,0,0,0.005886227
06/01/2000 00:30:15,0,0,0.005829479
06/01/2000 00:30:30,0,0,0.006658685
06/01/2000 00:30:45,0,0,0.006115824
06/01/2000 00:31:00,0,0,0.005961565
06/01/2000 00:31:15,0,0,0.005803266
06/01/2000 00:31:30,0,0,0.005814366
06/01/2000 00:31:45,0,0,0.005835871
06/01/2000 00:32:00,0,0,0.005674116
06/01/2000 00:32:15,0,0,0.005518719
06/01/2000 00:32:30,0,0,0.005553404
06/01/2000 00:32:45,0,0,0.005723197
06/01/2000 00:33:00,0,0,0.005630318
06/01/2000 00:33:15,0,0,0.005609239
06/01/2000 00:33:30,0,0,0.005787603
06/01/2000 00:33:45,0,0,0.005742599
06/01/2000 00:34:00,0,0,0.005663274
06/01/2000 00:34:15,0,0,0.005660178
06/01/2000 00:34:30,0,0,0.00566888
06/01/2000 00:34:45,0,0,0.005655157
06/01/2000 00:35:00,0,0,0.0056247
06/01/2000 00:35:15,0,0,0.005674219
06/01/2000 00:35:30,0,0,0.005722021
06/01/2000 00:35:45,0,0,0.005971661
06/01/2000 00:36:00,0,0,0.005911449
06/01/2000 00:36:15,0,0,0.005887324
06/01/2000 00:36:30,0,0,0.005972283
06/01/2000 00:36:45,0,0,0.006022497
06/01/2000 00:37:00,0,0,0.005884328
06/01/2000 00:37:15,0,0,0.005782702
06/01/2000 00:37:30,0,0,0.005693508
06/01/2000 00:37:45,0,0,0.005689277
06/01/2000 00:38:00,0,0,0.005617779
06/01/2000 00:38:15,0,0,0.005648796
06/01/2000 00:38:30,0,0,0.005566603
06/01/2000 00:38:45,0,0,0.005624547
06/01/2000 00:39:00,0,0,0.005548814
06/01/2000 00:39:15,0,0,0.00550317
06/01/2000 00:39:30,0,0,0.00547138
06/01/2000 00:39:45,0,0,0.005490956
06/01/2000 00:40:00,0,0,0.005425152
06/01/2000 00:40:15,0,0,0.005544427
06/01/2000 00:40:30,0,0,0.00535507
06/01/2000 00:40:45,0,0,0.005537771
06/01/2000 00:41:00,0,0,0.005450621
06/01/2000 00:41:15,0,0,0.012332416
06/01/2000 00:41:30,82,1,0.074421311
06/01/2000 00:41:45,46,1,0.026616548
06/01/2000 00:42:00,25,1,0.016772541
06/01/2000 00:42:15,2,1,0.021426682
06/01/2000 00:42:30,30,1,0.032622606
06/01/2000 00:42:45,17,1,0.007607712
06/01/2000 00:43:00,0,0,0.001594294
06/01/2000 00:43:15,0,0,0.001612355
06/01/2000 00:43:30,0,0,0.0016391
06/01/2000 00:43:45,0,0,0.001600211
06/01/2000 00:44:00,0,0,0.001683258
06/01/2000 00:44:15,0,0,0.001506685
06/01/2000 00:44:30,0,0,0.001518532
06/01/2000 00:44:45,0,0,0.001529661
06/01/2000 00:45:00,0,0,0.001494342
06/01/2000 00:45:15,0,0,0.001546685
06/01/2000 00:45:30,0,0,0.00204138
06/01/2000 00:45:45,0,0,0.003083066
06/01/2000 00:46:00,0,0,0.002254044
06/01/2000 00:46:15,0,0,0.001828588
06/01/2000 00:46:30,0,0,0.001743482
06/01/2000 00:46:45,0,0,0.001640801
06/01/2000 00:47:00,0,0,0.00182797
06/01/2000 00:47:15,0,0,0.001657855
06/01/2000 00:47:30,0,0,0.001694844
06/01/2000 00:47:45,0,0,0.00167708
06/01/2000 00:48:00,0,0,0.001686067
06/01/2000 00:48:15,0,0,0.002086988
06/01/2000 00:48:30,0,0,0.001623185
06/01/2000 00:48:45,0,0,0.001711692
06/01/2000 00:49:00,0,0,0.001614479
06/01/2000 00:49:15,0,0,0.001656298
06/01/2000 00:49:30,0,0,0.001597172
06/01/2000 00:49:45,0,0,0.001698629
06/01/2000 00:50:00,0,0,0.001635136
06/01/2000 00:50:15,0,0,0.001889089
06/01/2000 00:50:30,0,0,0.001633917
06/01/2000 00:50:45,0,0,0.001741391
06/01/2000 00:51:00,0,0,0.001665724
06/01/2000 00:51:15,0,0,0.001772505
06/01/2000 00:51:30,0,0,0.002136061
06/01/2000 00:51:45,0,0,0.002458822
06/01/2000 00:52:00,0,0,0.003254933
06/01/2000 00:52:15,0,0,0.001882877
06/01/2000 00:52:30,0,0,0.003729458
06/01/2000 00:52:45,10,0,0.010448951
06/01/2000 00:53:00,0,0,0.002396692
06/01/2000 00:53:15,0,0,0.002244212
06/01/2000 00:53:30,0,0,0.001724607
06/01/2000 00:53:45,0,0,0.002473759
06/01/2000 00:54:00,0,0,0.001698173
06/01/2000 00:54:15,0,0,0.001582756
06/01/2000 00:54:30,0,0,0.001557204
06/01/2000 00:54:45,0,0,0.001544265
06/01/2000 00:55:00,0,0,0.001565821
06/01/2000 00:55:15,0,0,0.001584785
06/01/2000 00:55:30,0,0,0.001549646
06/01/2000 00:55:45,0,0,0.001585903
06/01/2000 00:56:00,0,0,0.00153966
06/01/2000 00:56:15,0,0,0.001523513
06/01/2000 00:56:30,0,0,0.001513893
06/01/2000 00:56:45,0,0,0.001611056
06/01/2000 00:57:00,0,0,0.00174037
06/01/2000 00:57:15,0,0,0.001674057
06/01/2000 00:57:30,0,0,0.001667295
06/01/2000 00:57:45,0,0,0.004011138
06/01/2000 00:58:00,0,0,0.005524901
06/01/2000 00:58:15,0,0,0.00622414
06/01/2000 00:58:30,101,1,0.045068823
06/01/2000 00:58:45,0,0,0.005207785
06/01/2000 00:59:00,0,0,0.005175644
06/01/2000 00:59:15,0,0,0.003547819
06/01/2000 00:59:30,11,1,0.016817411
06/01/2000 00:59:45,0,0,0.001943784
06/01/2000 01:00:00,0,0,0.002159129
06/01/2000 01:00:15,0,0,0.002472026
06/01/2000 01:00:30,0,0,0.001712274
06/01/2000 01:00:45,0,0,0.001862359
06/01/2000 01:01:00,0,0,0.001879907
06/01/2000 01:01:15,0,0,0.002673621
06/01/2000 01:01:30,0,0,0.001742415
06/01/2000 01:01:45,0,0,0.001775485
06/01/2000 01:02:00,0,0,0.001749109
06/01/2000 01:02:15,0,0,0.001763628
06/01/2000 01:02:30,0,0,0.001653724
06/01/2000 01:02:45,0,0,0.001689587
06/01/2000 01:03:00,0,0,0.001635899
06/01/2000 01:03:15,0,0,0.001686854
06/01/2000 01:03:30,0,0,0.001682969
06/01/2000 01:03:45,0,0,0.001793223
06/01/2000 01:04:00,0,0,0.001665804
06/01/2000 01:04:15,0,0,0.001715825
06/01/2000 01:04:30,0,0,0.001760436
06/01/2000 01:04:45,0,0,0.002569859
06/01/2000 01:05:00,0,0,0.001689993
06/01/2000 01:05:15,0,0,0.001720461
06/01/2000 01:05:30,0,0,0.001808858
06/01/2000 01:05:45,0,0,0.001765787
06/01/2000 01:06:00,0,0,0.001757438
06/01/2000 01:06:15,0,0,0.001731816
06/01/2000 01:06:30,0,0,0.001725773
06/01/2000 01:06:45,0,0,0.001676652
06/01/2000 01:07:00,0,0,0.001861974
06/01/2000 01:07:15,0,0,0.001709557
06/01/2000 01:07:30,0,0,0.001677158
06/01/2000 01:07:45,0,0,0.001620497
06/01/2000 01:08:00,0,0,0.002073573
06/01/2000 01:08:15,0,0,0.001710339
06/01/2000 01:08:30,0,0,0.001631552
06/01/2000 01:08:45,0,0,0.001610548
06/01/2000 01:09:00,0,0,0.001695514
06/01/2000 01:09:15,0,0,0.001618806
06/01/2000 01:09:30,0,0,0.001669172
06/01/2000 01:09:45,0,0,0.001670754
06/01/2000 01:10:00,0,0,0.001606459
06/01/2000 01:10:15,0,0,0.001662897
06/01/2000 01:10:30,0,0,0.001751279
06/01/2000 01:10:45,0,0,0.001616067
06/01/2000 01:11:00,0,0,0.001606806
06/01/2000 01:11:15,0,0,0.002076471
06/01/2000 01:11:30,0,0,0.001721319
06/01/2000 01:11:45,0,0,0.002071132
06/01/2000 01:12:00,0,0,0.002252265
06/01/2000 01:12:15,0,0,0.001789709
06/01/2000 01:12:30,0,0,0.001617961
06/01/2000 01:12:45,0,0,0.001719237
06/01/2000 01:13:00,0,0,0.001684893
06/01/2000 01:13:15,0,0,0.001670415
06/01/2000 01:13:30,0,0,0.001771934
06/01/2000 01:13:45,0,0,0.001952331
06/01/2000 01:14:00,0,0,0.001725017
06/01/2000 01:14:15,0,0,0.001740627
06/01/2000 01:14:30,0,0,0.002090144
06/01/2000 01:14:45,0,0,0.001680007
06/01/2000 01:15:00,0,0,0.001681318
06/01/2000 01:15:15,0,0,0.001675376
06/01/2000 01:15:30,0,0,0.001739648
06/01/2000 01:15:45,0,0,0.001693841
06/01/2000 01:16:00,0,0,0.002159726
06/01/2000 01:16:15,0,0,0.002266435
06/01/2000 01:16:30,0,0,0.00179074
06/01/2000 01:16:45,0,0,0.001674361
06/01/2000 01:17:00,0,0,0.001678937
06/01/2000 01:17:15,0,0,0.001657086
06/01/2000 01:17:30,0,0,0.001740289
06/01/2000 01:17:45,0,0,0.001702186
06/01/2000 01:18:00,0,0,0.001722888
06/01/2000 01:18:15,0,0,0.001697465
06/01/2000 01:18:30,0,0,0.001703156
06/01/2000 01:18:45,0,0,0.001821111
06/01/2000 01:19:00,0,0,0.001720133
06/01/2000 01:19:15,0,0,0.001680115
06/01/2000 01:19:30,30,1,0.018118664
06/01/2000 01:19:45,38,1,0.016397516
06/01/2000 01:20:00,0,0,0.001875013
06/01/2000 01:20:15,0,0,0.001755901
06/01/2000 01:20:30,0,0,0.001798091
06/01/2000 01:20:45,0,0,0.001762955
06/01/2000 01:21:00,0,0,0.001809889
06/01/2000 01:21:15,0,0,0.001801039
06/01/2000 01:21:30,0,0,0.001762823
06/01/2000 01:21:45,0,0,0.001757691
06/01/2000 01:22:00,0,0,0.001863247
06/01/2000 01:22:15,0,0,0.001685186
06/01/2000 01:22:30,0,0,0.001858481
06/01/2000 01:22:45,0,0,0.002229065
06/01/2000 01:23:00,0,0,0.00211792
06/01/2000 01:23:15,0,0,0.001764209
06/01/2000 01:23:30,0,0,0.001772822
06/01/2000 01:23:45,0,0,0.00179834
06/01/2000 01:24:00,0,0,0.001930951
06/01/2000 01:24:15,0,0,0.0017999
06/01/2000 01:24:30,0,0,0.001783152
06/01/2000 01:24:45,0,0,0.001659089
06/01/2000 01:25:00,0,0,0.001825464
06/01/2000 01:25:15,0,0,0.001900201
06/01/2000 01:25:30,0,0,0.001768629
06/01/2000 01:25:45,0,0,0.001678137
06/01/2000 01:26:00,0,0,0.001705432
06/01/2000 01:26:15,113,1,0.081102453
06/01/2000 01:26:30,0,0,0.002001785
06/01/2000 01:26:45,0,0,0.002011414
06/01/2000 01:27:00,0,0,0.001705884
06/01/2000 01:27:15,0,0,0.001534241
06/01/2000 01:27:30,0,0,0.001494479
06/01/2000 01:27:45,0,0,0.002554632
06/01/2000 01:28:00,0,0,0.0015663
06/01/2000 01:28:15,0,0,0.001862843
06/01/2000 01:28:30,0,0,0.001680193
06/01/2000 01:28:45,0,0,0.001507968
06/01/2000 01:29:00,0,0,0.001916815
06/01/2000 01:29:15,0,0,0.002108394
06/01/2000 01:29:30,0,0,0.002343486
06/01/2000 01:29:45,0,0,0.001840232
06/01/2000 01:30:00,0,0,0.00176883
06/01/2000 01:30:15,0,0,0.001709925
06/01/2000 01:30:30,0,0,0.001775777
06/01/2000 01:30:45,0,0,0.001658458
06/01/2000 01:31:00,0,0,0.001720563
06/01/2000 01:31:15,0,0,0.001937517
06/01/2000 01:31:30,0,0,0.001674832
06/01/2000 01:31:45,0,0,0.002205957
06/01/2000 01:32:00,0,0,0.003713787
06/01/2000 01:32:15,0,0,0.001899978
06/01/2000 01:32:30,0,0,0.001814272
06/01/2000 01:32:45,0,0,0.001808216
06/01/2000 01:33:00,0,0,0.00181541
06/01/2000 01:33:15,0,0,0.001811433
06/01/2000 01:33:30,0,0,0.001852285
06/01/2000 01:33:45,0,0,0.00188869
06/01/2000 01:34:00,0,0,0.001792959
06/01/2000 01:34:15,0,0,0.002025457
06/01/2000 01:34:30,0,0,0.001828913
06/01/2000 01:34:45,0,0,0.001904859
06/01/2000 01:35:00,0,0,0.00191132
06/01/2000 01:35:15,0,0,0.001953378
06/01/2000 01:35:30,0,0,0.001900552
06/01/2000 01:35:45,0,0,0.001832741
06/01/2000 01:36:00,0,0,0.001881315
06/01/2000 01:36:15,0,0,0.001878744
06/01/2000 01:36:30,0,0,0.001927852
06/01/2000 01:36:45,0,0,0.002002673
06/01/2000 01:37:00,0,0,0.002049437
06/01/2000 01:37:15,0,0,0.001986511
06/01/2000 01:37:30,0,0,0.001969022
06/01/2000 01:37:45,0,0,0.001998784
06/01/2000 01:38:00,0,0,0.001951451
06/01/2000 01:38:15,0,0,0.001955182
06/01/2000 01:38:30,0,0,0.001986607
06/01/2000 01:38:45,0,0,0.00208843
06/01/2000 01:39:00,0,0,0.002007091
06/01/2000 01:39:15,0,0,0.001996296
06/01/2000 01:39:30,38,1,0.030554453
06/01/2000 01:39:45,0,0,0.001398497
06/01/2000 01:40:00,0,0,0.001319466
06/01/2000 01:40:15,0,0,0.001565853
06/01/2000 01:40:30,0,0,0.001423051
06/01/2000 01:40:45,0,0,0.001480826
06/01/2000 01:41:00,0,0,0.001451907
06/01/2000 01:41:15,0,0,0.001419721
06/01/2000 01:41:30,0,0,0.001438491
06/01/2000 01:41:45,0,0,0.001381584
06/01/2000 01:42:00,0,0,0.001379514
06/01/2000 01:42:15,0,0,0.001437353
06/01/2000 01:42:30,25,1,0.035171893
06/01/2000 01:42:45,64,1,0.019192244
06/01/2000 01:43:00,0,0,0.001506693
06/01/2000 01:43:15,0,0,0.00139917
06/01/2000 01:43:30,0,0,0.002089074
06/01/2000 01:43:45,0,0,0.002186831
06/01/2000 01:44:00,0,0,0.001621742
06/01/2000 01:44:15,0,0,0.001588792
06/01/2000 01:44:30,0,0,0.001488914
06/01/2000 01:44:45,0,0,0.001472035
06/01/2000 01:45:00,0,0,0.00136235
06/01/2000 01:45:15,0,0,0.001376233
06/01/2000 01:45:30,0,0,0.001343153
06/01/2000 01:45:45,0,0,0.001330539
06/01/2000 01:46:00,0,0,0.001348701
06/01/2000 01:46:15,0,0,0.002035078
06/01/2000 01:46:30,0,0,0.001408635
06/01/2000 01:46:45,0,0,0.001429468
06/01/2000 01:47:00,17,1,0.015774054
06/01/2000 01:47:15,0,0,0.001856088
06/01/2000 01:47:30,0,0,0.001727906
06/01/2000 01:47:45,0,0,0.001505381
06/01/2000 01:48:00,0,0,0.001576866
06/01/2000 01:48:15,0,0,0.001566971
06/01/2000 01:48:30,0,0,0.001512727
06/01/2000 01:48:45,0,0,0.001487186
06/01/2000 01:49:00,0,0,0.001503208
06/01/2000 01:49:15,0,0,0.001388602
06/01/2000 01:49:30,0,0,0.001429391
06/01/2000 01:49:45,0,0,0.001401336
06/01/2000 01:50:00,0,0,0.001431585
06/01/2000 01:50:15,0,0,0.001584382
06/01/2000 01:50:30,0,0,0.001436792
06/01/2000 01:50:45,0,0,0.001473865
06/01/2000 01:51:00,0,0,0.001435074
06/01/2000 01:51:15,0,0,0.00147732
06/01/2000 01:51:30,0,0,0.001559947
06/01/2000 01:51:45,0,0,0.001462914
06/01/2000 01:52:00,0,0,0.001399353
06/01/2000 01:52:15,0,0,0.001507852
06/01/2000 01:52:30,0,0,0.001772582
06/01/2000 01:52:45,0,0,0.001882409
06/01/2000 01:53:00,0,0,0.001853222
06/01/2000 01:53:15,0,0,0.001427564
06/01/2000 01:53:30,0,0,0.001455826
06/01/2000 01:53:45,0,0,0.001417944
06/01/2000 01:54:00,0,0,0.001544431
06/01/2000 01:54:15,0,0,0.001560816
06/01/2000 01:54:30,0,0,0.001650874
06/01/2000 01:54:45,0,0,0.001785321
06/01/2000 01:55:00,0,0,0.001399998
06/01/2000 01:55:15,0,0,0.001367608
06/01/2000 01:55:30,0,0,0.001424286
06/01/2000 01:55:45,0,0,0.001408035
06/01/2000 01:56:00,0,0,0.001371475
06/01/2000 01:56:15,0,0,0.001470832
06/01/2000 01:56:30,0,0,0.001458026
06/01/2000 01:56:45,0,0,0.001768666
06/01/2000 01:57:00,0,0,0.001479846
06/01/2000 01:57:15,0,0,0.001566297
06/01/2000 01:57:30,0,0,0.001484596
06/01/2000 01:57:45,0,0,0.001522073
06/01/2000 01:58:00,0,0,0.001488578
06/01/2000 01:58:15,0,0,0.001544539
06/01/2000 01:58:30,0,0,0.001476637
06/01/2000 01:58:45,0,0,0.001767664
06/01/2000 01:59:00,0,0,0.001481382
06/01/2000 01:59:15,0,0,0.001459699
06/01/2000 01:59:30,0,0,0.001490016
06/01/2000 01:59:45,0,0,0.001458542
06/01/2000 02:00:00,0,0,0.001496086
06/01/2000 02:00:15,0,0,0.001543819
06/01/2000 02:00:30,0,0,0.001517789
06/01/2000 02:00:45,5,0,0.010391857
06/01/2000 02:01:00,67,1,0.028631081
06/01/2000 02:01:15,0,0,0.003719099
06/01/2000 02:01:30,0,0,0.006267789
06/01/2000 02:01:45,0,0,0.003957573
06/01/2000 02:02:00,0,0,0.004041499
06/01/2000 02:02:15,0,0,0.004270818
06/01/2000 02:02:30,0,0,0.004250827
06/01/2000 02:02:45,0,0,0.004141589
06/01/2000 02:03:00,0,0,0.004131312
06/01/2000 02:03:15,0,0,0.004077999
06/01/2000 02:03:30,0,0,0.003874629
06/01/2000 02:03:45,0,0,0.003929431
06/01/2000 02:04:00,0,0,0.004162227
06/01/2000 02:04:15,0,0,0.004296404
06/01/2000 02:04:30,0,0,0.00745966
06/01/2000 02:04:45,0,0,0.005214014
06/01/2000 02:05:00,0,0,0.004148453
06/01/2000 02:05:15,4,0,0.015942232
06/01/2000 02:05:30,79,1,0.044826027
06/01/2000 02:05:45,0,0,0.006714012
06/01/2000 02:06:00,0,0,0.006789065
06/01/2000 02:06:15,0,0,0.006930387
06/01/2000 02:06:30,0,0,0.007515358
06/01/2000 02:06:45,0,0,0.009206454
06/01/2000 02:07:00,0,0,0.006534458
06/01/2000 02:07:15,0,0,0.008098908
06/01/2000 02:07:30,0,0,0.007832113
06/01/2000 02:07:45,0,0,0.007230743
06/01/2000 02:08:00,0,0,0.008654019
06/01/2000 02:08:15,0,0,0.006033169
06/01/2000 02:08:30,0,0,0.006772452
06/01/2000 02:08:45,0,0,0.006381565
06/01/2000 02:09:00,0,0,0.006038831
06/01/2000 02:09:15,0,0,0.006431841
06/01/2000 02:09:30,0,0,0.005948632
06/01/2000 02:09:45,0,0,0.006200475
06/01/2000 02:10:00,0,0,0.005779387
06/01/2000 02:10:15,0,0,0.005726688
06/01/2000 02:10:30,0,0,0.005737775
06/01/2000 02:10:45,0,0,0.005708693
06/01/2000 02:11:00,0,0,0.00563959
06/01/2000 02:11:15,0,0,0.00567086
06/01/2000 02:11:30,0,0,0.006036379
06/01/2000 02:11:45,0,0,0.005813317
06/01/2000 02:12:00,0,0,0.006037332
06/01/2000 02:12:15,0,0,0.006727822
06/01/2000 02:12:30,97,1,0.062462536
06/01/2000 02:12:45,27,1,0.008451359
06/01/2000 02:13:00,0,0,0.003180188
06/01/2000 02:13:15,0,0,0.003016551
06/01/2000 02:13:30,0,0,0.003003465
06/01/2000 02:13:45,0,0,0.002962069
06/01/2000 02:14:00,0,0,0.003110695
06/01/2000 02:14:15,0,0,0.003040115
06/01/2000 02:14:30,0,0,0.003172196
06/01/2000 02:14:45,0,0,0.003520914
06/01/2000 02:15:00,0,0,0.003105905
06/01/2000 02:15:15,0,0,0.003156346
06/01/2000 02:15:30,0,0,0.003557069
06/01/2000 02:15:45,0,0,0.002887372
06/01/2000 02:16:00,0,0,0.003056314
06/01/2000 02:16:15,0,0,0.003920937
06/01/2000 02:16:30,0,0,0.003042435
06/01/2000 02:16:45,0,0,0.002941568
06/01/2000 02:17:00,0,0,0.00308287
06/01/2000 02:17:15,0,0,0.002926332
06/01/2000 02:17:30,0,0,0.003000528
06/01/2000 02:17:45,0,0,0.002916612
06/01/2000 02:18:00,0,0,0.002988662
06/01/2000 02:18:15,0,0,0.002992576
06/01/2000 02:18:30,0,0,0.002950761
06/01/2000 02:18:45,0,0,0.003045138
06/01/2000 02:19:00,0,0,0.002863224
06/01/2000 02:19:15,0,0,0.003393175
06/01/2000 02:19:30,0,0,0.002938147
06/01/2000 02:19:45,0,0,0.002920073
06/01/2000 02:20:00,0,0,0.003339728
06/01/2000 02:20:15,0,0,0.002883483
06/01/2000 02:20:30,0,0,0.00296589
06/01/2000 02:20:45,0,0,0.002874742
06/01/2000 02:21:00,0,0,0.002783311
06/01/2000 02:21:15,0,0,0.002842351
06/01/2000 02:21:30,0,0,0.002963018
06/01/2000 02:21:45,0,0,0.003231843
06/01/2000 02:22:00,0,0,0.002788943
06/01/2000 02:22:15,0,0,0.002842712
06/01/2000 02:22:30,0,0,0.002789784
06/01/2000 02:22:45,0,0,0.002699427
06/01/2000 02:23:00,0,0,0.002742742
06/01/2000 02:23:15,0,0,0.002873572
06/01/2000 02:23:30,0,0,0.003011041
06/01/2000 02:23:45,0,0,0.002774789
06/01/2000 02:24:00,0,0,0.002865284
06/01/2000 02:24:15,0,0,0.003147771
06/01/2000 02:24:30,0,0,0.002707442
06/01/2000 02:24:45,0,0,0.002706625
06/01/2000 02:25:00,0,0,0.00273214
06/01/2000 02:25:15,0,0,0.002821612
06/01/2000 02:25:30,2,0,0.007725639
06/01/2000 02:25:45,0,0,0.003753443
06/01/2000 02:26:00,0,0,0.003681597
06/01/2000 02:26:15,0,0,0.003624193
06/01/2000 02:26:30,0,0,0.004027818
06/01/2000 02:26:45,0,0,0.003556506
06/01/2000 02:27:00,0,0,0.003542109
06/01/2000 02:27:15,0,0,0.003579909
06/01/2000 02:27:30,0,0,0.003563998
06/01/2000 02:27:45,0,0,0.003595242
06/01/2000 02:28:00,0,0,0.003605405
06/01/2000 02:28:15,0,0,0.003635405
06/01/2000 02:28:30,0,0,0.004069286
06/01/2000 02:28:45,0,0,0.003666423
06/01/2000 02:29:00,0,0,0.003638947
06/01/2000 02:29:15,0,0,0.003547192
06/01/2000 02:29:30,0,0,0.003649219
06/01/2000 02:29:45,0,0,0.00354499
06/01/2000 02:30:00,0,0,0.003651017
06/01/2000 02:30:15,0,0,0.003521904
06/01/2000 02:30:30,0,0,0.00402454
06/01/2000 02:30:45,0,0,0.003612138
06/01/2000 02:31:00,0,0,0.003516543
06/01/2000 02:31:15,0,0,0.004552948
06/01/2000 02:31:30,0,0,0.003580338
06/01/2000 02:31:45,0,0,0.003504598
06/01/2000 02:32:00,0,0,0.00349913
06/01/2000 02:32:15,0,0,0.003515967
06/01/2000 02:32:30,0,0,0.003503554
06/01/2000 02:32:45,30,1,0.023524445
06/01/2000 02:33:00,0,0,0.001991714
06/01/2000 02:33:15,0,0,0.001871219
06/01/2000 02:33:30,0,0,0.001892123
06/01/2000 02:33:45,0,0,0.001796726
06/01/2000 02:34:00,0,0,0.001735307
06/01/2000 02:34:15,0,0,0.001861017
06/01/2000 02:34:30,0,0,0.001821091
06/01/2000 02:34:45,0,0,0.001838756
06/01/2000 02:35:00,0,0,0.001789546
06/01/2000 02:35:15,0,0,0.001853041
06/01/2000 02:35:30,0,0,0.001817967
06/01/2000 02:35:45,0,0,0.001790959
06/01/2000 02:36:00,0,0,0.001815858
06/01/2000 02:36:15,0,0,0.001840522
06/01/2000 02:36:30,0,0,0.001845631
06/01/2000 02:36:45,0,0,0.001918636
06/01/2000 02:37:00,0,0,0.001858954
06/01/2000 02:37:15,0,0,0.001900337
06/01/2000 02:37:30,0,0,0.002050104
06/01/2000 02:37:45,0,0,0.002085555
06/01/2000 02:38:00,0,0,0.002063667
06/01/2000 02:38:15,0,0,0.001987055
06/01/2000 02:38:30,0,0,0.002118075
06/01/2000 02:38:45,0,0,0.002057482
06/01/2000 02:39:00,0,0,0.001936299
06/01/2000 02:39:15,0,0,0.002121312
06/01/2000 02:39:30,0,0,0.002157213
06/01/2000 02:39:45,0,0,0.002075198
06/01/2000 02:40:00,0,0,0.002128142
06/01/2000 02:40:15,0,0,0.002058186
06/01/2000 02:40:30,0,0,0.002291176
06/01/2000 02:40:45,0,0,0.002281599
06/01/2000 02:41:00,0,0,0.00218785
06/01/2000 02:41:15,0,0,0.002336705
06/01/2000 02:41:30,0,0,0.0021924
06/01/2000 02:41:45,0,0,0.003414324
06/01/2000 02:42:00,70,1,0.046424813
06/01/2000 02:42:15,0,0,0.000981905
06/01/2000 02:42:30,0,0,0.000982424
06/01/2000 02:42:45,0,0,0.000922145
06/01/2000 02:43:00,0,0,0.000899615
06/01/2000 02:43:15,0,0,0.001512883
06/01/2000 02:43:30,0,0,0.000958672
06/01/2000 02:43:45,0,0,0.000963928
06/01/2000 02:44:00,0,0,0.000912367
06/01/2000 02:44:15,0,0,0.000992702
06/01/2000 02:44:30,0,0,0.000974457
06/01/2000 02:44:45,0,0,0.000977007
06/01/2000 02:45:00,0,0,0.000946303
06/01/2000 02:45:15,0,0,0.000941356
06/01/2000 02:45:30,0,0,0.001583321
06/01/2000 02:45:45,0,0,0.000938931
06/01/2000 02:46:00,0,0,0.000908724
06/01/2000 02:46:15,0,0,0.002187743
06/01/2000 02:46:30,0,0,0.000966588
06/01/2000 02:46:45,0,0,0.000925624
06/01/2000 02:47:00,0,0,0.002514918
06/01/2000 02:47:15,36,1,0.027384274
06/01/2000 02:47:30,0,0,0.001330204
06/01/2000 02:47:45,0,0,0.001183309
06/01/2000 02:48:00,0,0,0.001165168
06/01/2000 02:48:15,0,0,0.001149926
06/01/2000 02:48:30,0,0,0.001127131
06/01/2000 02:48:45,0,0,0.001152791
06/01/2000 02:49:00,0,0,0.001042348
06/01/2000 02:49:15,0,0,0.001505206
06/01/2000 02:49:30,0,0,0.001051155
06/01/2000 02:49:45,0,0,0.001070412
06/01/2000 02:50:00,0,0,0.001465423
06/01/2000 02:50:15,0,0,0.00113368
06/01/2000 02:50:30,0,0,0.001097466
06/01/2000 02:50:45,0,0,0.001107547
06/01/2000 02:51:00,0,0,0.001111058
06/01/2000 02:51:15,0,0,0.001089442
06/01/2000 02:51:30,0,0,0.001072912
06/01/2000 02:51:45,0,0,0.001137752
06/01/2000 02:52:00,0,0,0.001105641
06/01/2000 02:52:15,0,0,0.00123486
06/01/2000 02:52:30,0,0,0.001123542
06/01/2000 02:52:45,0,0,0.005215928
06/01/2000 02:53:00,0,0,0.001628097
06/01/2000 02:53:15,0,0,0.001127157
06/01/2000 02:53:30,0,0,0.001410646
06/01/2000 02:53:45,0,0,0.001144193
06/01/2000 02:54:00,0,0,0.001140195
06/01/2000 02:54:15,0,0,0.001098046
06/01/2000 02:54:30,0,0,0.001105274
06/01/2000 02:54:45,0,0,0.001234814
06/01/2000 02:55:00,0,0,0.001141281
06/01/2000 02:55:15,0,0,0.001136685
06/01/2000 02:55:30,0,0,0.001178544
06/01/2000 02:55:45,0,0,0.00152577
06/01/2000 02:56:00,0,0,0.002343333
06/01/2000 02:56:15,0,0,0.002294117
06/01/2000 02:56:30,0,0,0.00227351
06/01/2000 02:56:45,0,0,0.002260561
06/01/2000 02:57:00,0,0,0.002237968
06/01/2000 02:57:15,0,0,0.002269767
06/01/2000 02:57:30,0,0,0.002231277
06/01/2000 02:57:45,0,0,0.002329614
06/01/2000 02:58:00,0,0,0.002430578
06/01/2000 02:58:15,0,0,0.002416566
06/01/2000 02:58:30,0,0,0.002422209
06/01/2000 02:58:45,0,0,0.002403012
06/01/2000 02:59:00,0,0,0.002433772
06/01/2000 02:59:15,0,0,0.002383801
06/01/2000 02:59:30,0,0,0.002495754
06/01/2000 02:59:45,0,0,0.002365721
06/01/2000 03:00:00,0,0,0.002419484
06/01/2000 03:00:15,0,0,0.002498381
06/01/2000 03:00:30,0,0,0.002452148
06/01/2000 03:00:45,0,0,0.002458525
06/01/2000 03:01:00,0,0,0.00251085
06/01/2000 03:01:15,0,0,0.00230824
06/01/2000 03:01:30,0,0,0.002438023
06/01/2000 03:01:45,0,0,0.002432852
06/01/2000 03:02:00,0,0,0.00253946
06/01/2000 03:02:15,0,0,0.002486247
06/01/2000 03:02:30,0,0,0.002514171
06/01/2000 03:02:45,0,0,0.002631897
06/01/2000 03:03:00,0,0,0.002496799
06/01/2000 03:03:15,0,0,0.002881371
06/01/2000 03:03:30,0,0,0.00249692
06/01/2000 03:03:45,0,0,0.002488543
06/01/2000 03:04:00,0,0,0.002361826
06/01/2000 03:04:15,0,0,0.002601685
06/01/2000 03:04:30,0,0,0.002576441
06/01/2000 03:04:45,0,0,0.00254315
06/01/2000 03:05:00,0,0,0.002538327
06/01/2000 03:05:15,0,0,0.002537128
06/01/2000 03:05:30,0,0,0.002516652
06/01/2000 03:05:45,0,0,0.002544337
06/01/2000 03:06:00,0,0,0.00251583
06/01/2000 03:06:15,0,0,0.002506539
06/01/2000 03:06:30,0,0,0.002477404
06/01/2000 03:06:45,0,0,0.002487342
06/01/2000 03:07:00,0,0,0.002717614
06/01/2000 03:07:15,0,0,0.002710102
06/01/2000 03:07:30,0,0,0.002766166
06/01/2000 03:07:45,0,0,0.002795298
06/01/2000 03:08:00,0,0,0.00276573
06/01/2000 03:08:15,0,0,0.002689224
06/01/2000 03:08:30,0,0,0.00270117
06/01/2000 03:08:45,0,0,0.002678244
06/01/2000 03:09:00,0,0,0.002692332
06/01/2000 03:09:15,0,0,0.002527243
06/01/2000 03:09:30,0,0,0.002484502
06/01/2000 03:09:45,0,0,0.002546515
06/01/2000 03:10:00,0,0,0.00255085
06/01/2000 03:10:15,0,0,0.002620188
06/01/2000 03:10:30,0,0,0.002584457
06/01/2000 03:10:45,0,0,0.002353882
06/01/2000 03:11:00,0,0,0.002485954
06/01/2000 03:11:15,0,0,0.002563935
06/01/2000 03:11:30,0,0,0.002518843
06/01/2000 03:11:45,0,0,0.002319209
06/01/2000 03:12:00,0,0,0.002612458
06/01/2000 03:12:15,0,0,0.002448953
06/01/2000 03:12:30,0,0,0.00242071
06/01/2000 03:12:45,0,0,0.002514684
06/01/2000 03:13:00,0,0,0.002566576
06/01/2000 03:13:15,0,0,0.002507592
06/01/2000 03:13:30,0,0,0.002409257
06/01/2000 03:13:45,0,0,0.002511809
06/01/2000 03:14:00,0,0,0.002571704
06/01/2000 03:14:15,0,0,0.002638926
06/01/2000 03:14:30,0,0,0.002530756
06/01/2000 03:14:45,0,0,0.002538732
06/01/2000 03:15:00,0,0,0.002464132
06/01/2000 03:15:15,0,0,0.002565447
06/01/2000 03:15:30,0,0,0.002429216
06/01/2000 03:15:45,0,0,0.002434074
06/01/2000 03:16:00,0,0,0.002379933
06/01/2000 03:16:15,0,0,0.002471567
06/01/2000 03:16:30,31,1,0.030038964
06/01/2000 03:16:45,16,1,0.006348776
06/01/2000 03:17:00,0,0,0.003257766
06/01/2000 03:17:15,0,0,0.003267327
06/01/2000 03:17:30,0,0,0.003206058
06/01/2000 03:17:45,0,0,0.003194005
06/01/2000 03:18:00,0,0,0.002988876
06/01/2000 03:18:15,0,0,0.002997491
06/01/2000 03:18:30,0,0,0.002925184
06/01/2000 03:18:45,0,0,0.002961415
06/01/2000 03:19:00,0,0,0.003089685
06/01/2000 03:19:15,0,0,0.00305597
06/01/2000 03:19:30,0,0,0.003052611
06/01/2000 03:19:45,70,1,0.051775035
06/01/2000 03:20:00,25,1,0.008619474
06/01/2000 03:20:15,0,0,0.00221223
06/01/2000 03:20:30,0,0,0.002303536
06/01/2000 03:20:45,0,0,0.002179996
06/01/2000 03:21:00,0,0,0.002123601
06/01/2000 03:21:15,0,0,0.002149536
06/01/2000 03:21:30,0,0,0.002139555
06/01/2000 03:21:45,0,0,0.002107211
06/01/2000 03:22:00,0,0,0.002312022
06/01/2000 03:22:15,0,0,0.002163618
06/01/2000 03:22:30,0,0,0.002294225
06/01/2000 03:22:45,0,0,0.0025544
06/01/2000 03:23:00,0,0,0.002102815
06/01/2000 03:23:15,0,0,0.002172178
06/01/2000 03:23:30,0,0,0.002199558
06/01/2000 03:23:45,0,0,0.00224443
06/01/2000 03:24:00,0,0,0.002234304
06/01/2000 03:24:15,0,0,0.002200427
06/01/2000 03:24:30,0,0,0.002236834
06/01/2000 03:24:45,0,0,0.002242514
06/01/2000 03:25:00,0,0,0.002266661
06/01/2000 03:25:15,0,0,0.002389393
06/01/2000 03:25:30,0,0,0.002312243
06/01/2000 03:25:45,0,0,0.002301064
06/01/2000 03:26:00,0,0,0.002348382
06/01/2000 03:26:15,0,0,0.002308186
06/01/2000 03:26:30,0,0,0.00229022
06/01/2000 03:26:45,0,0,0.002282774
06/01/2000 03:27:00,0,0,0.002577284
06/01/2000 03:27:15,0,0,0.002309249
06/01/2000 03:27:30,0,0,0.002284976
06/01/2000 03:27:45,0,0,0.00231767
06/01/2000 03:28:00,0,0,0.002326523
06/01/2000 03:28:15,0,0,0.002370315
06/01/2000 03:28:30,0,0,0.0024181
06/01/2000 03:28:45,0,0,0.002447228
06/01/2000 03:29:00,0,0,0.002322953
06/01/2000 03:29:15,0,0,0.002359608
06/01/2000 03:29:30,0,0,0.002474814
06/01/2000 03:29:45,0,0,0.002451247
06/01/2000 03:30:00,0,0,0.002412296
06/01/2000 03:30:15,0,0,0.002377683
06/01/2000 03:30:30,0,0,0.002740128
06/01/2000 03:30:45,0,0,0.002462858
06/01/2000 03:31:00,0,0,0.002309196
06/01/2000 03:31:15,0,0,0.002494704
06/01/2000 03:31:30,0,0,0.002357291
06/01/2000 03:31:45,0,0,0.002426221
06/01/2000 03:32:00,0,0,0.002477967
06/01/2000 03:32:15,0,0,0.002406265
06/01/2000 03:32:30,0,0,0.002463058
06/01/2000 03:32:45,0,0,0.002450754
06/01/2000 03:33:00,0,0,0.00235893
06/01/2000 03:33:15,0,0,0.002322128
06/01/2000 03:33:30,0,0,0.002602108
06/01/2000 03:33:45,0,0,0.003254134
06/01/2000 03:34:00,0,0,0.002663527
06/01/2000 03:34:15,0,0,0.002457204
06/01/2000 03:34:30,0,0,0.002382153
06/01/2000 03:34:45,0,0,0.002429891
06/01/2000 03:35:00,0,0,0.002413163
06/01/2000 03:35:15,0,0,0.002412715
06/01/2000 03:35:30,0,0,0.002441041
06/01/2000 03:35:45,0,0,0.002516908
06/01/2000 03:36:00,0,0,0.002467747
06/01/2000 03:36:15,0,0,0.002369819
06/01/2000 03:36:30,0,0,0.002484948
06/01/2000 03:36:45,0,0,0.002371927
06/01/2000 03:37:00,0,0,0.00224175
06/01/2000 03:37:15,0,0,0.002201773
06/01/2000 03:37:30,0,0,0.002331759
06/01/2000 03:37:45,0,0,0.002360632
06/01/2000 03:38:00,0,0,0.002241481
06/01/2000 03:38:15,0,0,0.002304428
06/01/2000 03:38:30,0,0,0.002295766
06/01/2000 03:38:45,0,0,0.002324058
06/01/2000 03:39:00,2,0,0.002826066
06/01/2000 03:39:15,0,0,0.002346409
06/01/2000 03:39:30,0,0,0.002357079
06/01/2000 03:39:45,0,0,0.002320082
06/01/2000 03:40:00,0,0,0.002398438
06/01/2000 03:40:15,0,0,0.002610103
06/01/2000 03:40:30,0,0,0.002493824
06/01/2000 03:40:45,0,0,0.00243267
06/01/2000 03:41:00,0,0,0.002385979
06/01/2000 03:41:15,0,0,0.0023723
06/01/2000 03:41:30,0,0,0.002322587
06/01/2000 03:41:45,0,0,0.002328615
06/01/2000 03:42:00,0,0,0.002596673
06/01/2000 03:42:15,0,0,0.00253735
06/01/2000 03:42:30,0,0,0.002583769
06/01/2000 03:42:45,0,0,0.002886041
06/01/2000 03:43:00,0,0,0.002696663
06/01/2000 03:43:15,0,0,0.00258607
06/01/2000 03:43:30,0,0,0.002627788
06/01/2000 03:43:45,0,0,0.002651001
06/01/2000 03:44:00,0,0,0.002595137
06/01/2000 03:44:15,0,0,0.002279297
06/01/2000 03:44:30,0,0,0.002742294
06/01/2000 03:44:45,0,0,0.00263199
06/01/2000 03:45:00,0,0,0.002578224
06/01/2000 03:45:15,0,0,0.002642716
06/01/2000 03:45:30,0,0,0.002504663
06/01/2000 03:45:45,0,0,0.002603772
06/01/2000 03:46:00,0,0,0.002606003
06/01/2000 03:46:15,0,0,0.002498455
06/01/2000 03:46:30,48,1,0.038544731
06/01/2000 03:46:45,2,0,0.003960807
06/01/2000 03:47:00,0,0,0.002430142
06/01/2000 03:47:15,0,0,0.002532146
06/01/2000 03:47:30,0,0,0.0023599
06/01/2000 03:47:45,0,0,0.002345784
06/01/2000 03:48:00,0,0,0.002265945
06/01/2000 03:48:15,0,0,0.002165161
06/01/2000 03:48:30,0,0,0.002142859
06/01/2000 03:48:45,0,0,0.002194447
06/01/2000 03:49:00,0,0,0.002117768
06/01/2000 03:49:15,0,0,0.002117422
06/01/2000 03:49:30,0,0,0.002217396
06/01/2000 03:49:45,0,0,0.002078635
06/01/2000 03:50:00,0,0,0.001952899
06/01/2000 03:50:15,0,0,0.002038562
06/01/2000 03:50:30,0,0,0.001974869
06/01/2000 03:50:45,0,0,0.001975676
06/01/2000 03:51:00,0,0,0.001778902
06/01/2000 03:51:15,0,0,0.001672294
06/01/2000 03:51:30,0,0,0.001681713
06/01/2000 03:51:45,0,0,0.001551873
06/01/2000 03:52:00,0,0,0.001592596
06/01/2000 03:52:15,0,0,0.001801083
06/01/2000 03:52:30,0,0,0.001622934
06/01/2000 03:52:45,0,0,0.001580918
06/01/2000 03:53:00,0,0,0.001580614
06/01/2000 03:53:15,0,0,0.001578662
06/01/2000 03:53:30,0,0,0.00156096
06/01/2000 03:53:45,0,0,0.001507411
06/01/2000 03:54:00,0,0,0.001577246
06/01/2000 03:54:15,0,0,0.001491312
06/01/2000 03:54:30,0,0,0.001497596
06/01/2000 03:54:45,0,0,0.001514006
06/01/2000 03:55:00,0,0,0.001446148
06/01/2000 03:55:15,0,0,0.001420893
06/01/2000 03:55:30,0,0,0.001422788
06/01/2000 03:55:45,0,0,0.001453442
06/01/2000 03:56:00,0,0,0.001510436
06/01/2000 03:56:15,0,0,0.001450012
06/01/2000 03:56:30,0,0,0.001474773
06/01/2000 03:56:45,0,0,0.001466882
06/01/2000 03:57:00,0,0,0.001456609
06/01/2000 03:57:15,0,0,0.00144786
06/01/2000 03:57:30,0,0,0.001436959
06/01/2000 03:57:45,0,0,0.00145781
06/01/2000 03:58:00,0,0,0.00148779
06/01/2000 03:58:15,0,0,0.00147984
06/01/2000 03:58:30,0,0,0.001528775
06/01/2000 03:58:45,0,0,0.00138919
06/01/2000 03:59:00,0,0,0.001434764
06/01/2000 03:59:15,0,0,0.00146226
06/01/2000 03:59:30,0,0,0.001361049
06/01/2000 03:59:45,0,0,0.001391517
06/01/2000 04:00:00,0,0,0.001419356
06/01/2000 04:00:15,0,0,0.001381342
06/01/2000 04:00:30,0,0,0.001432835
06/01/2000 04:00:45,0,0,0.001853661
06/01/2000 04:01:00,0,0,0.001397846
06/01/2000 04:01:15,26,1,0.017909699
06/01/2000 04:01:30,17,1,0.013011638
06/01/2000 04:01:45,0,0,0.002019565
06/01/2000 04:02:00,0,0,0.001928554
06/01/2000 04:02:15,0,0,0.001629463
06/01/2000 04:02:30,0,0,0.001875213
06/01/2000 04:02:45,0,0,0.001411418
06/01/2000 04:03:00,0,0,0.001177705
06/01/2000 04:03:15,0,0,0.001162141
06/01/2000 04:03:30,0,0,0.001177365
06/01/2000 04:03:45,0,0,0.001941121
06/01/2000 04:04:00,0,0,0.001275493
06/01/2000 04:04:15,0,0,0.001188928
06/01/2000 04:04:30,0,0,0.001504083
06/01/2000 04:04:45,0,0,0.001191017
06/01/2000 04:05:00,0,0,0.001195275
06/01/2000 04:05:15,0,0,0.00150812
06/01/2000 04:05:30,0,0,0.001246374
06/01/2000 04:05:45,0,0,0.001377477
06/01/2000 04:06:00,0,0,0.00143368
06/01/2000 04:06:15,0,0,0.001382412
06/01/2000 04:06:30,0,0,0.001303499
06/01/2000 04:06:45,0,0,0.001314431
06/01/2000 04:07:00,0,0,0.001294156
06/01/2000 04:07:15,0,0,0.001597307
06/01/2000 04:07:30,0,0,0.001376538
06/01/2000 04:07:45,0,0,0.001310808
06/01/2000 04:08:00,0,0,0.001357931
06/01/2000 04:08:15,0,0,0.001372688
06/01/2000 04:08:30,0,0,0.001383767
06/01/2000 04:08:45,0,0,0.001391047
06/01/2000 04:09:00,0,0,0.001397957
06/01/2000 04:09:15,0,0,0.001288137
06/01/2000 04:09:30,0,0,0.001445788
06/01/2000 04:09:45,0,0,0.001306135
06/01/2000 04:10:00,0,0,0.001293254
06/01/2000 04:10:15,0,0,0.001361183
06/01/2000 04:10:30,0,0,0.001252282
06/01/2000 04:10:45,0,0,0.001386721
06/01/2000 04:11:00,0,1,0.002256415
06/01/2000 04:11:15,0,1,0.002761787
06/01/2000 04:11:30,0,1,0.0028997
06/01/2000 04:11:45,0,1,0.017086981
06/01/2000 04:12:00,318,1,0.160276243
06/01/2000 04:12:15,36,1,0.017579105
06/01/2000 04:12:30,0,1,0.002908128
06/01/2000 04:12:45,0,1,0.00315855
06/01/2000 04:13:00,0,1,0.002835665
06/01/2000 04:13:15,0,0,0.002840762
06/01/2000 04:13:30,0,0,0.001918263
06/01/2000 04:13:45,0,0,0.001552414
06/01/2000 04:14:00,0,0,0.001746519
06/01/2000 04:14:15,0,0,0.001535492
06/01/2000 04:14:30,0,0,0.001512664
06/01/2000 04:14:45,0,0,0.00159002
06/01/2000 04:15:00,0,0,0.001528066
06/01/2000 04:15:15,0,0,0.001495671
06/01/2000 04:15:30,0,0,0.00157771
06/01/2000 04:15:45,0,0,0.00150373
06/01/2000 04:16:00,0,0,0.001509224
06/01/2000 04:16:15,0,0,0.002053802
06/01/2000 04:16:30,0,0,0.001500603
06/01/2000 04:16:45,0,0,0.0015147
06/01/2000 04:17:00,0,0,0.001443028
06/01/2000 04:17:15,0,0,0.001415897
06/01/2000 04:17:30,0,0,0.001385412
06/01/2000 04:17:45,0,0,0.00143204
06/01/2000 04:18:00,0,0,0.001443209
06/01/2000 04:18:15,0,0,0.001432738
06/01/2000 04:18:30,0,0,0.001411378
06/01/2000 04:18:45,0,0,0.001490553
06/01/2000 04:19:00,0,0,0.001527694
06/01/2000 04:19:15,0,0,0.001413122
06/01/2000 04:19:30,0,0,0.001412014
06/01/2000 04:19:45,0,0,0.001460366
06/01/2000 04:20:00,0,0,0.001612211
06/01/2000 04:20:15,0,0,0.001456125
06/01/2000 04:20:30,0,0,0.001378468
06/01/2000 04:20:45,0,0,0.001405909
06/01/2000 04:21:00,0,0,0.001443608
06/01/2000 04:21:15,0,0,0.001409433
06/01/2000 04:21:30,0,0,0.001359778
06/01/2000 04:21:45,0,0,0.001446209
06/01/2000 04:22:00,0,0,0.00149741
06/01/2000 04:22:15,67,1,0.057122183
06/01/2000 04:22:30,6,0,0.002857859
06/01/2000 04:22:45,0,0,0.002456365
06/01/2000 04:23:00,0,0,0.002344659
06/01/2000 04:23:15,0,0,0.002457458
06/01/2000 04:23:30,0,0,0.002965446
06/01/2000 04:23:45,0,0,0.002329947
06/01/2000 04:24:00,0,0,0.00240526
06/01/2000 04:24:15,0,0,0.002500058
06/01/2000 04:24:30,0,0,0.002509996
06/01/2000 04:24:45,0,0,0.002462685
06/01/2000 04:25:00,0,0,0.002495284
06/01/2000 04:25:15,0,0,0.002582947
06/01/2000 04:25:30,0,0,0.002424988
06/01/2000 04:25:45,0,0,0.002622332
06/01/2000 04:26:00,0,0,0.002455272
06/01/2000 04:26:15,0,0,0.002512856
06/01/2000 04:26:30,0,0,0.002474389
06/01/2000 04:26:45,0,0,0.002412485
06/01/2000 04:27:00,0,0,0.00252139
06/01/2000 04:27:15,0,0,0.003064554
06/01/2000 04:27:30,0,0,0.002429298
06/01/2000 04:27:45,0,0,0.002446679
06/01/2000 04:28:00,0,0,0.002420802
06/01/2000 04:28:15,0,0,0.002451292
06/01/2000 04:28:30,0,0,0.002449516
06/01/2000 04:28:45,0,0,0.002886527
06/01/2000 04:29:00,0,0,0.002601668
06/01/2000 04:29:15,0,0,0.002541723
06/01/2000 04:29:30,0,0,0.002812776
06/01/2000 04:29:45,0,0,0.002488755
06/01/2000 04:30:00,0,0,0.003032498
06/01/2000 04:30:15,0,0,0.002311129
06/01/2000 04:30:30,0,0,0.002414857
06/01/2000 04:30:45,0,0,0.002403179
06/01/2000 04:31:00,0,0,0.002469107
06/01/2000 04:31:15,0,0,0.003684515
06/01/2000 04:31:30,0,0,0.002412159
06/01/2000 04:31:45,0,0,0.002377516
06/01/2000 04:32:00,0,0,0.002703711
06/01/2000 04:32:15,0,0,0.002379441
06/01/2000 04:32:30,0,0,0.002347346
06/01/2000 04:32:45,0,0,0.002458394
06/01/2000 04:33:00,0,0,0.003060774
06/01/2000 04:33:15,44,1,0.039999379
06/01/2000 04:33:30,0,0,0.00156893
06/01/2000 04:33:45,0,0,0.00125081
06/01/2000 04:34:00,0,0,0.001987141
06/01/2000 04:34:15,0,0,0.001280312
06/01/2000 04:34:30,0,0,0.001155117
06/01/2000 04:34:45,0,0,0.001110191
06/01/2000 04:35:00,0,0,0.001166581
06/01/2000 04:35:15,0,0,0.001169451
06/01/2000 04:35:30,0,0,0.001178283
06/01/2000 04:35:45,0,0,0.001162954
06/01/2000 04:36:00,0,0,0.001181335
06/01/2000 04:36:15,0,1,0.001275983
06/01/2000 04:36:30,0,1,0.001183479
06/01/2000 04:36:45,0,1,0.001757049
06/01/2000 04:37:00,159,1,0.164433802
06/01/2000 04:37:15,48,1,0.021341963
06/01/2000 04:37:30,0,1,0.00324546
06/01/2000 04:37:45,13,1,0.015249512
06/01/2000 04:38:00,0,1,0.001957194
06/01/2000 04:38:15,0,0,0.001206295
06/01/2000 04:38:30,0,0,0.0012502
06/01/2000 04:38:45,0,0,0.001055973
06/01/2000 04:39:00,0,0,0.001008091
06/01/2000 04:39:15,0,0,0.001042542
06/01/2000 04:39:30,0,0,0.001238868
06/01/2000 04:39:45,0,0,0.001162693
06/01/2000 04:40:00,0,0,0.001118812
06/01/2000 04:40:15,0,0,0.001084367
06/01/2000 04:40:30,0,0,0.001080272
06/01/2000 04:40:45,0,0,0.001443813
06/01/2000 04:41:00,0,0,0.001301559
06/01/2000 04:41:15,0,0,0.001128786
06/01/2000 04:41:30,0,0,0.001069697
06/01/2000 04:41:45,0,0,0.001124968
06/01/2000 04:42:00,0,0,0.001136449
06/01/2000 04:42:15,0,0,0.001147885
06/01/2000 04:42:30,0,0,0.001129501
06/01/2000 04:42:45,0,0,0.001189125
06/01/2000 04:43:00,0,0,0.001162919
06/01/2000 04:43:15,0,0,0.001096566
06/01/2000 04:43:30,0,0,0.00110882
06/01/2000 04:43:45,0,0,0.00113003
06/01/2000 04:44:00,0,0,0.001131978
06/01/2000 04:44:15,0,0,0.001354714
06/01/2000 04:44:30,0,0,0.001092246
06/01/2000 04:44:45,0,0,0.001110759
06/01/2000 04:45:00,0,0,0.001120994
06/01/2000 04:45:15,0,0,0.001001291
06/01/2000 04:45:30,0,0,0.001163055
06/01/2000 04:45:45,0,0,0.001137015
06/01/2000 04:46:00,0,0,0.001089964
06/01/2000 04:46:15,0,0,0.001693695
06/01/2000 04:46:30,0,0,0.001183264
06/01/2000 04:46:45,0,0,0.001166418
06/01/2000 04:47:00,0,0,0.001027235
06/01/2000 04:47:15,0,0,0.000999299
06/01/2000 04:47:30,0,0,0.001032534
06/01/2000 04:47:45,0,0,0.001092442
06/01/2000 04:48:00,0,0,0.00107337
06/01/2000 04:48:15,0,0,0.001088076
06/01/2000 04:48:30,0,0,0.001077137
06/01/2000 04:48:45,0,0,0.00118829
06/01/2000 04:49:00,0,0,0.001093398
06/01/2000 04:49:15,0,0,0.001133207
06/01/2000 04:49:30,0,0,0.001341464
06/01/2000 04:49:45,70,1,0.04353264
06/01/2000 04:50:00,0,0,0.006766378
06/01/2000 04:50:15,0,0,0.006737228
06/01/2000 04:50:30,0,0,0.006681131
06/01/2000 04:50:45,0,0,0.006742262
06/01/2000 04:51:00,0,0,0.006662689
06/01/2000 04:51:15,0,0,0.006819187
06/01/2000 04:51:30,0,0,0.006550508
06/01/2000 04:51:45,0,0,0.006564089
06/01/2000 04:52:00,0,0,0.006590521
06/01/2000 04:52:15,0,0,0.006591788
06/01/2000 04:52:30,0,0,0.006588162
06/01/2000 04:52:45,0,0,0.00671483
06/01/2000 04:53:00,0,0,0.006621612
06/01/2000 04:53:15,58,1,0.036730079
06/01/2000 04:53:30,0,0,0.00554821
06/01/2000 04:53:45,0,0,0.005649735
06/01/2000 04:54:00,0,0,0.005660804
06/01/2000 04:54:15,0,0,0.005645652
06/01/2000 04:54:30,0,0,0.005727926
06/01/2000 04:54:45,0,0,0.005846628
06/01/2000 04:55:00,24,1,0.022506828
06/01/2000 04:55:15,0,0,0.006013285
06/01/2000 04:55:30,0,0,0.006044531
06/01/2000 04:55:45,0,0,0.006015698
06/01/2000 04:56:00,0,0,0.006070414
06/01/2000 04:56:15,0,0,0.005999638
06/01/2000 04:56:30,0,0,0.006122626
06/01/2000 04:56:45,0,0,0.006122926
06/01/2000 04:57:00,0,0,0.006051328
06/01/2000 04:57:15,0,0,0.006077722
06/01/2000 04:57:30,0,0,0.006019352
06/01/2000 04:57:45,0,0,0.006046991
06/01/2000 04:58:00,0,0,0.006011887
06/01/2000 04:58:15,0,0,0.006100087
06/01/2000 04:58:30,14,1,0.017284003
06/01/2000 04:58:45,0,0,0.006697993
06/01/2000 04:59:00,0,0,0.006692979
06/01/2000 04:59:15,0,0,0.006658624
06/01/2000 04:59:30,0,0,0.006597168
06/01/2000 04:59:45,0,0,0.006511149
06/01/2000 05:00:00,0,0,0.006527712
06/01/2000 05:00:15,0,0,0.006547865
06/01/2000 05:00:30,0,0,0.006556505
06/01/2000 05:00:45,0,0,0.0065442
06/01/2000 05:01:00,0,0,0.006414782
06/01/2000 05:01:15,0,0,0.006423908
06/01/2000 05:01:30,0,0,0.006567941
06/01/2000 05:01:45,0,0,0.006486167
06/01/2000 05:02:00,0,0,0.006507641
06/01/2000 05:02:15,0,0,0.006375336
06/01/2000 05:02:30,0,0,0.006477221
06/01/2000 05:02:45,0,0,0.006479709
06/01/2000 05:03:00,0,0,0.006384398
06/01/2000 05:03:15,0,0,0.006433466
06/01/2000 05:03:30,0,0,0.006533832
06/01/2000 05:03:45,0,0,0.006470224
06/01/2000 05:04:00,0,0,0.006421218
06/01/2000 05:04:15,0,0,0.0064666
06/01/2000 05:04:30,0,0,0.006439617
06/01/2000 05:04:45,0,0,0.006429491
06/01/2000 05:05:00,0,0,0.006438972
06/01/2000 05:05:15,0,0,0.006528689
06/01/2000 05:05:30,0,0,0.006474027
06/01/2000 05:05:45,0,0,0.006490632
06/01/2000 05:06:00,0,0,0.00648338
06/01/2000 05:06:15,0,0,0.006305668
06/01/2000 05:06:30,0,0,0.006455863
06/01/2000 05:06:45,0,0,0.006405296
06/01/2000 05:07:00,0,0,0.006341451
06/01/2000 05:07:15,0,0,0.006402341
06/01/2000 05:07:30,0,0,0.006436781
06/01/2000 05:07:45,0,0,0.006458306
06/01/2000 05:08:00,0,0,0.006817954
06/01/2000 05:08:15,0,0,0.006473249
06/01/2000 05:08:30,0,0,0.00629042
06/01/2000 05:08:45,0,0,0.006380252
06/01/2000 05:09:00,0,0,0.006337532
06/01/2000 05:09:15,4,0,0.010183237
06/01/2000 05:09:30,17,1,0.013554619
06/01/2000 05:09:45,0,0,0.002911904
06/01/2000 05:10:00,0,0,0.002578606
06/01/2000 05:10:15,0,0,0.002548173
06/01/2000 05:10:30,0,0,0.003193485
06/01/2000 05:10:45,0,0,0.004247954
06/01/2000 05:11:00,0,0,0.002963443
06/01/2000 05:11:15,0,0,0.004431728
06/01/2000 05:11:30,0,0,0.002854294
06/01/2000 05:11:45,0,0,0.002758932
06/01/2000 05:12:00,0,0,0.00239385
06/01/2000 05:12:15,0,0,0.003921639
06/01/2000 05:12:30,0,0,0.003970847
06/01/2000 05:12:45,0,0,0.003624567
06/01/2000 05:13:00,0,0,0.003153821
06/01/2000 05:13:15,0,0,0.004294563
06/01/2000 05:13:30,0,0,0.0038736
06/01/2000 05:13:45,0,0,0.003857311
06/01/2000 05:14:00,0,0,0.003907891
06/01/2000 05:14:15,0,0,0.004033684
06/01/2000 05:14:30,8,0,0.016571235
06/01/2000 05:14:45,17,1,0.005789745
06/01/2000 05:15:00,0,0,0.004516659
06/01/2000 05:15:15,0,0,0.004075861
06/01/2000 05:15:30,0,0,0.005119955
06/01/2000 05:15:45,0,0,0.00492203
06/01/2000 05:16:00,0,0,0.004363247
06/01/2000 05:16:15,0,0,0.003839698
06/01/2000 05:16:30,0,0,0.004648668
06/01/2000 05:16:45,0,0,0.004408765
06/01/2000 05:17:00,0,0,0.004483978
06/01/2000 05:17:15,0,0,0.004419016
06/01/2000 05:17:30,0,0,0.004360628
06/01/2000 05:17:45,0,0,0.004453934
06/01/2000 05:18:00,0,0,0.004386603
06/01/2000 05:18:15,0,0,0.004503707
06/01/2000 05:18:30,105,1,0.101490357
06/01/2000 05:18:45,54,1,0.017664893
06/01/2000 05:19:00,0,0,0.005625035
06/01/2000 05:19:15,19,1,0.01279857
06/01/2000 05:19:30,0,0,0.005328451
06/01/2000 05:19:45,0,0,0.005199661
06/01/2000 05:20:00,0,0,0.005207227
06/01/2000 05:20:15,0,0,0.005086262
06/01/2000 05:20:30,0,0,0.005210619
06/01/2000 05:20:45,0,0,0.005173067
06/01/2000 05:21:00,0,0,0.005160604
06/01/2000 05:21:15,0,0,0.005799641
06/01/2000 05:21:30,0,0,0.00517841
06/01/2000 05:21:45,0,0,0.005266269
06/01/2000 05:22:00,0,0,0.005246559
06/01/2000 05:22:15,0,0,0.0064474
06/01/2000 05:22:30,0,0,0.006292189
06/01/2000 05:22:45,0,0,0.006189314
06/01/2000 05:23:00,0,0,0.006117696
06/01/2000 05:23:15,0,0,0.006225106
06/01/2000 05:23:30,0,0,0.005391557
06/01/2000 05:23:45,0,0,0.005091242
06/01/2000 05:24:00,0,0,0.005024622
06/01/2000 05:24:15,0,0,0.005046149
06/01/2000 05:24:30,0,0,0.005097575
06/01/2000 05:24:45,0,0,0.005068041
06/01/2000 05:25:00,0,0,0.00498344
06/01/2000 05:25:15,0,0,0.005029778
06/01/2000 05:25:30,0,0,0.005665725
06/01/2000 05:25:45,0,0,0.005027617
06/01/2000 05:26:00,0,0,0.004981156
06/01/2000 05:26:15,0,0,0.004951764
06/01/2000 05:26:30,0,0,0.005027904
06/01/2000 05:26:45,0,0,0.004987735
06/01/2000 05:27:00,0,0,0.005188495
06/01/2000 05:27:15,0,0,0.005081833
06/01/2000 05:27:30,0,0,0.005078628
06/01/2000 05:27:45,0,0,0.005314746
06/01/2000 05:28:00,0,0,0.00502143
06/01/2000 05:28:15,0,0,0.005087458
06/01/2000 05:28:30,0,0,0.005175206
06/01/2000 05:28:45,0,0,0.006409349
06/01/2000 05:29:00,54,1,0.034708026
06/01/2000 05:29:15,0,0,0.004282189
06/01/2000 05:29:30,0,0,0.004173811
06/01/2000 05:29:45,0,0,0.003442603
06/01/2000 05:30:00,0,0,0.003298519
06/01/2000 05:30:15,0,0,0.003451385
06/01/2000 05:30:30,0,0,0.003349992
06/01/2000 05:30:45,0,0,0.003207201
06/01/2000 05:31:00,0,0,0.003315987
06/01/2000 05:31:15,0,0,0.0027126
06/01/2000 05:31:30,0,0,0.003289589
06/01/2000 05:31:45,0,0,0.003566605
06/01/2000 05:32:00,0,0,0.003477929
06/01/2000 05:32:15,0,0,0.003485038
06/01/2000 05:32:30,0,0,0.00332777
06/01/2000 05:32:45,0,0,0.003458235
06/01/2000 05:33:00,0,0,0.003369111
06/01/2000 05:33:15,0,0,0.003370744
06/01/2000 05:33:30,0,0,0.003467543
06/01/2000 05:33:45,0,0,0.003067226
06/01/2000 05:34:00,0,0,0.002001526
06/01/2000 05:34:15,0,0,0.00203637
06/01/2000 05:34:30,0,0,0.002068629
06/01/2000 05:34:45,0,0,0.002640237
06/01/2000 05:35:00,0,0,0.002033806
06/01/2000 05:35:15,0,0,0.002082807
06/01/2000 05:35:30,0,0,0.002092035
06/01/2000 05:35:45,0,0,0.00217778
06/01/2000 05:36:00,0,0,0.00204092
06/01/2000 05:36:15,0,0,0.002110792
06/01/2000 05:36:30,0,0,0.002168043
06/01/2000 05:36:45,0,0,0.002054662
06/01/2000 05:37:00,0,0,0.002065756
06/01/2000 05:37:15,0,0,0.002024677
06/01/2000 05:37:30,0,0,0.002256087
06/01/2000 05:37:45,0,0,0.00208052
06/01/2000 05:38:00,0,0,0.002053021
06/01/2000 05:38:15,0,0,0.002100564
06/01/2000 05:38:30,0,0,0.00204951
06/01/2000 05:38:45,0,0,0.002053172
06/01/2000 05:39:00,0,0,0.001941294
06/01/2000 05:39:15,0,0,0.002011702
06/01/2000 05:39:30,0,0,0.001981958
06/01/2000 05:39:45,0,0,0.002002865
06/01/2000 05:40:00,0,0,0.001998506
06/01/2000 05:40:15,0,0,0.002073221
06/01/2000 05:40:30,0,0,0.002267558
06/01/2000 05:40:45,0,0,0.002043814
06/01/2000 05:41:00,0,0,0.002051191
06/01/2000 05:41:15,0,0,0.002077699
06/01/2000 05:41:30,0,0,0.002020597
06/01/2000 05:41:45,0,0,0.002083413
06/01/2000 05:42:00,0,0,0.001956947
06/01/2000 05:42:15,0,0,0.002033794
06/01/2000 05:42:30,0,0,0.002096759
06/01/2000 05:42:45,0,0,0.002001769
06/01/2000 05:43:00,0,0,0.00205735
06/01/2000 05:43:15,0,0,0.002050945
06/01/2000 05:43:30,0,0,0.002269253
06/01/2000 05:43:45,0,0,0.00226553
06/01/2000 05:44:00,0,0,0.002036212
06/01/2000 05:44:15,0,0,0.002010155
06/01/2000 05:44:30,0,0,0.001958515
06/01/2000 05:44:45,0,0,0.001959412
06/01/2000 05:45:00,0,0,0.001937645
06/01/2000 05:45:15,0,0,0.001921579
06/01/2000 05:45:30,0,0,0.001977401
06/01/2000 05:45:45,0,0,0.002018501
06/01/2000 05:46:00,0,0,0.002791055
06/01/2000 05:46:15,0,0,0.002344188
06/01/2000 05:46:30,0,0,0.001981294
06/01/2000 05:46:45,0,0,0.002044303
06/01/2000 05:47:00,0,0,0.001988319
06/01/2000 05:47:15,0,0,0.001931128
06/01/2000 05:47:30,0,0,0.001975682
06/01/2000 05:47:45,0,0,0.001977551
06/01/2000 05:48:00,0,0,0.001963369
06/01/2000 05:48:15,0,0,0.001915069
06/01/2000 05:48:30,0,0,0.001987364
06/01/2000 05:48:45,0,0,0.002398348
06/01/2000 05:49:00,0,0,0.00196995
06/01/2000 05:49:15,0,0,0.002043071
06/01/2000 05:49:30,0,0,0.001951776
06/01/2000 05:49:45,0,0,0.00219598
06/01/2000 05:50:00,0,0,0.002029596
06/01/2000 05:50:15,0,0,0.001995919
06/01/2000 05:50:30,0,0,0.001805182
06/01/2000 05:50:45,0,0,0.001888354
06/01/2000 05:51:00,0,0,0.002111463
06/01/2000 05:51:15,0,0,0.001907587
06/01/2000 05:51:30,0,0,0.001939085
06/01/2000 05:51:45,0,0,0.001905453
06/01/2000 05:52:00,0,0,0.001894037
06/01/2000 05:52:15,0,0,0.002232712
06/01/2000 05:52:30,0,0,0.001930566
06/01/2000 05:52:45,0,0,0.001857957
06/01/2000 05:53:00,0,0,0.014060267
06/01/2000 05:53:15,38,1,0.007247667
06/01/2000 05:53:30,0,0,0.001907491
06/01/2000 05:53:45,0,0,0.001793587
06/01/2000 05:54:00,0,0,0.001789409
06/01/2000 05:54:15,0,0,0.001728836
06/01/2000 05:54:30,0,0,0.001594618
06/01/2000 05:54:45,0,0,0.007810265
06/01/2000 05:55:00,0,0,0.001764138
06/01/2000 05:55:15,0,0,0.001968354
06/01/2000 05:55:30,0,0,0.002208284
06/01/2000 05:55:45,0,0,0.001681511
06/01/2000 05:56:00,0,0,0.001846448
06/01/2000 05:56:15,0,0,0.004035193
06/01/2000 05:56:30,21,1,0.025455311
06/01/2000 05:56:45,0,0,0.001922104
06/01/2000 05:57:00,0,0,0.00171036
06/01/2000 05:57:15,0,0,0.001954822
06/01/2000 05:57:30,0,0,0.002012955
06/01/2000 05:57:45,0,0,0.00162334
06/01/2000 05:58:00,0,0,0.001787511
06/01/2000 05:58:15,0,0,0.001655434
06/01/2000 05:58:30,0,0,0.001582853
06/01/2000 05:58:45,0,0,0.002254645
06/01/2000 05:59:00,0,0,0.001633753
06/01/2000 05:59:15,0,0,0.001554891
06/01/2000 05:59:30,0,0,0.001565591
06/01/2000 05:59:45,0,0,0.001637207
06/01/2000 06:00:00,79,1,0.039477678
06/01/2000 06:00:15,9,1,0.004464503
06/01/2000 06:00:30,0,0,0.002923941
06/01/2000 06:00:45,0,0,0.00310682
06/01/2000 06:01:00,0,0,0.002910617
06/01/2000 06:01:15,0,0,0.0044759
06/01/2000 06:01:30,0,0,0.002827625
06/01/2000 06:01:45,0,0,0.002966655
06/01/2000 06:02:00,105,1,0.063647383
06/01/2000 06:02:15,7,1,0.005631522
06/01/2000 06:02:30,0,0,0.005363934
06/01/2000 06:02:45,0,0,0.005396928
06/01/2000 06:03:00,0,0,0.005882111
06/01/2000 06:03:15,0,0,0.005376635
06/01/2000 06:03:30,0,0,0.005486454
06/01/2000 06:03:45,0,0,0.005467036
06/01/2000 06:04:00,0,0,0.005651552
06/01/2000 06:04:15,0,0,0.006466759
06/01/2000 06:04:30,0,0,0.005690682
06/01/2000 06:04:45,0,0,0.005867104
06/01/2000 06:05:00,0,0,0.006401543
06/01/2000 06:05:15,0,0,0.006313508
06/01/2000 06:05:30,0,0,0.006116282
06/01/2000 06:05:45,0,0,0.006169828
06/01/2000 06:06:00,0,0,0.006246626
06/01/2000 06:06:15,0,0,0.006180092
06/01/2000 06:06:30,0,0,0.006308704
06/01/2000 06:06:45,0,0,0.006237341
06/01/2000 06:07:00,0,0,0.006222543
06/01/2000 06:07:15,0,0,0.006220868
06/01/2000 06:07:30,0,0,0.006391783
06/01/2000 06:07:45,0,0,0.006599951
06/01/2000 06:08:00,0,0,0.006194154
06/01/2000 06:08:15,0,0,0.006202826
06/01/2000 06:08:30,0,0,0.006167121
06/01/2000 06:08:45,0,0,0.010793551
06/01/2000 06:09:00,0,0,0.006220275
06/01/2000 06:09:15,0,0,0.006147055
06/01/2000 06:09:30,0,0,0.006236561
06/01/2000 06:09:45,0,0,0.006288332
06/01/2000 06:10:00,0,0,0.006265355
06/01/2000 06:10:15,0,0,0.006306653
06/01/2000 06:10:30,0,0,0.006463881
06/01/2000 06:10:45,6,0,0.01178506
06/01/2000 06:11:00,0,0,0.005264301
06/01/2000 06:11:15,0,0,0.005245671
06/01/2000 06:11:30,0,0,0.005169255
06/01/2000 06:11:45,0,0,0.00534786
06/01/2000 06:12:00,27,1,0.017353831
06/01/2000 06:12:15,0,0,0.005336943
06/01/2000 06:12:30,0,0,0.005399584
06/01/2000 06:12:45,0,0,0.005362244
06/01/2000 06:13:00,0,0,0.005458212
06/01/2000 06:13:15,0,0,0.005466809
06/01/2000 06:13:30,0,0,0.005520162
06/01/2000 06:13:45,0,0,0.005575585
06/01/2000 06:14:00,0,0,0.005817379
06/01/2000 06:14:15,0,0,0.005389081
06/01/2000 06:14:30,0,0,0.005465956
06/01/2000 06:14:45,0,0,0.005456577
06/01/2000 06:15:00,0,0,0.005446537
06/01/2000 06:15:15,44,1,0.033660947
06/01/2000 06:15:30,0,0,0.003064877
06/01/2000 06:15:45,0,0,0.002739435
06/01/2000 06:16:00,0,0,0.002887996
06/01/2000 06:16:15,0,0,0.003997905
06/01/2000 06:16:30,0,0,0.002830999
06/01/2000 06:16:45,0,0,0.002926874
06/01/2000 06:17:00,0,0,0.00291074
06/01/2000 06:17:15,0,0,0.006420745
06/01/2000 06:17:30,0,0,0.00286961
06/01/2000 06:17:45,0,0,0.002807042
06/01/2000 06:18:00,0,0,0.002795233
06/01/2000 06:18:15,0,0,0.002925682
06/01/2000 06:18:30,0,0,0.002870116
06/01/2000 06:18:45,0,0,0.00285478
06/01/2000 06:19:00,0,0,0.002942569
06/01/2000 06:19:15,0,0,0.002784706
06/01/2000 06:19:30,0,0,0.003190208
06/01/2000 06:19:45,0,0,0.002952629
06/01/2000 06:20:00,0,0,0.003417537
06/01/2000 06:20:15,0,0,0.002934441
06/01/2000 06:20:30,0,0,0.003029881
06/01/2000 06:20:45,0,0,0.002990098
06/01/2000 06:21:00,0,0,0.002923278
06/01/2000 06:21:15,0,0,0.003345933
06/01/2000 06:21:30,0,0,0.002960526
06/01/2000 06:21:45,0,0,0.002939175
06/01/2000 06:22:00,0,0,0.002963928
06/01/2000 06:22:15,0,0,0.003041324
06/01/2000 06:22:30,0,0,0.002762977
06/01/2000 06:22:45,0,0,0.002978113
06/01/2000 06:23:00,0,0,0.002836133
06/01/2000 06:23:15,0,0,0.003146188
06/01/2000 06:23:30,0,0,0.002997822
06/01/2000 06:23:45,0,0,0.003683004
06/01/2000 06:24:00,0,0,0.003023606
06/01/2000 06:24:15,0,0,0.002970838
06/01/2000 06:24:30,0,0,0.002910956
06/01/2000 06:24:45,0,0,0.003031562
06/01/2000 06:25:00,0,0,0.002940765
06/01/2000 06:25:15,0,0,0.003066069
06/01/2000 06:25:30,0,0,0.003012309
06/01/2000 06:25:45,0,0,0.0029716
06/01/2000 06:26:00,0,0,0.003621799
06/01/2000 06:26:15,10,0,0.010393264
06/01/2000 06:26:30,0,0,0.003186593
06/01/2000 06:26:45,0,0,0.003044029
06/01/2000 06:27:00,0,0,0.00361054
06/01/2000 06:27:15,0,0,0.004546488
06/01/2000 06:27:30,0,0,0.004025366
06/01/2000 06:27:45,0,0,0.004053618
06/01/2000 06:28:00,0,0,0.003956342
06/01/2000 06:28:15,0,0,0.003898614
06/01/2000 06:28:30,0,0,0.00324219
06/01/2000 06:28:45,0,0,0.003154595
06/01/2000 06:29:00,0,0,0.00316454
06/01/2000 06:29:15,0,0,0.003048426
06/01/2000 06:29:30,0,0,0.003712522
06/01/2000 06:29:45,0,0,0.003101632
06/01/2000 06:30:00,0,0,0.003076952
06/01/2000 06:30:15,0,0,0.003077536
06/01/2000 06:30:30,0,0,0.003586191
06/01/2000 06:30:45,0,0,0.003362924
06/01/2000 06:31:00,0,0,0.003022441
06/01/2000 06:31:15,0,0,0.004024007
06/01/2000 06:31:30,0,0,0.003324223
06/01/2000 06:31:45,0,0,0.003006008
06/01/2000 06:32:00,0,0,0.003025599
06/01/2000 06:32:15,0,0,0.003601689
06/01/2000 06:32:30,0,0,0.00284503
06/01/2000 06:32:45,0,0,0.002963024
06/01/2000 06:33:00,0,0,0.002920895
06/01/2000 06:33:15,0,0,0.003056664
06/01/2000 06:33:30,0,0,0.003654236
06/01/2000 06:33:45,0,0,0.004194706
06/01/2000 06:34:00,0,0,0.004009101
06/01/2000 06:34:15,0,0,0.003983335
06/01/2000 06:34:30,54,1,0.03625694
06/01/2000 06:34:45,0,0,0.005455522
06/01/2000 06:35:00,0,0,0.004452247
06/01/2000 06:35:15,0,0,0.004467524
06/01/2000 06:35:30,0,0,0.00454499
06/01/2000 06:35:45,0,0,0.004528554
06/01/2000 06:36:00,0,0,0.004914847
06/01/2000 06:36:15,0,0,0.005303468
06/01/2000 06:36:30,0,0,0.008053846
06/01/2000 06:36:45,4,0,0.005364992
06/01/2000 06:37:00,0,0,0.004722476
06/01/2000 06:37:15,0,0,0.004844505
06/01/2000 06:37:30,0,0,0.004695142
06/01/2000 06:37:45,0,0,0.005363811
06/01/2000 06:38:00,0,0,0.004860546
06/01/2000 06:38:15,0,0,0.004893482
06/01/2000 06:38:30,0,0,0.005022793
06/01/2000 06:38:45,0,0,0.004924139
06/01/2000 06:39:00,0,0,0.004744565
06/01/2000 06:39:15,0,0,0.004661488
06/01/2000 06:39:30,0,0,0.004716837
06/01/2000 06:39:45,0,0,0.005000115
06/01/2000 06:40:00,0,0,0.004915987
06/01/2000 06:40:15,0,0,0.005352654
06/01/2000 06:40:30,0,0,0.004759848
06/01/2000 06:40:45,0,0,0.004735625
06/01/2000 06:41:00,0,0,0.005110023
06/01/2000 06:41:15,0,0,0.004899937
06/01/2000 06:41:30,0,0,0.004851646
06/01/2000 06:41:45,0,0,0.004964102
06/01/2000 06:42:00,0,0,0.004869592
06/01/2000 06:42:15,0,0,0.004950704
06/01/2000 06:42:30,4,0,0.01190449
06/01/2000 06:42:45,88,1,0.049209267
06/01/2000 06:43:00,0,0,0.002112037
06/01/2000 06:43:15,0,0,0.00183994
06/01/2000 06:43:30,0,0,0.00229963
06/01/2000 06:43:45,0,0,0.00204869
06/01/2000 06:44:00,0,0,0.002543381
06/01/2000 06:44:15,0,0,0.002058565
06/01/2000 06:44:30,0,0,0.002013254
06/01/2000 06:44:45,0,0,0.002072539
06/01/2000 06:45:00,0,0,0.002114118
06/01/2000 06:45:15,0,0,0.00202889
06/01/2000 06:45:30,0,0,0.00203613
06/01/2000 06:45:45,0,0,0.001965278
06/01/2000 06:46:00,0,0,0.002314793
06/01/2000 06:46:15,0,0,0.001972887
06/01/2000 06:46:30,0,0,0.002031563
06/01/2000 06:46:45,0,0,0.002039541
06/01/2000 06:47:00,0,0,0.002094198
06/01/2000 06:47:15,0,0,0.002960965
06/01/2000 06:47:30,0,0,0.002251624
06/01/2000 06:47:45,0,0,0.002110291
06/01/2000 06:48:00,0,0,0.002078627
06/01/2000 06:48:15,0,0,0.002193653
06/01/2000 06:48:30,0,0,0.001965456
06/01/2000 06:48:45,0,0,0.001986875
06/01/2000 06:49:00,0,0,0.001976395
06/01/2000 06:49:15,0,0,0.002083788
06/01/2000 06:49:30,0,0,0.002120534
06/01/2000 06:49:45,0,0,0.002132648
06/01/2000 06:50:00,0,0,0.001945226
06/01/2000 06:50:15,0,0,0.002044309
06/01/2000 06:50:30,0,0,0.00198566
06/01/2000 06:50:45,0,0,0.002032323
06/01/2000 06:51:00,0,0,0.002034357
06/01/2000 06:51:15,0,0,0.00207005
06/01/2000 06:51:30,0,0,0.002077397
06/01/2000 06:51:45,0,0,0.002028734
06/01/2000 06:52:00,0,0,0.003406102
06/01/2000 06:52:15,0,0,0.003188198
06/01/2000 06:52:30,0,0,0.002087531
06/01/2000 06:52:45,0,0,0.002141422
06/01/2000 06:53:00,0,0,0.002253778
06/01/2000 06:53:15,0,0,0.002057722
06/01/2000 06:53:30,0,0,0.00204086
06/01/2000 06:53:45,0,0,0.002230129
06/01/2000 06:54:00,0,0,0.002242668
06/01/2000 06:54:15,0,0,0.002161646
06/01/2000 06:54:30,0,0,0.001973811
06/01/2000 06:54:45,0,0,0.002175201
06/01/2000 06:55:00,0,0,0.002108891
06/01/2000 06:55:15,0,0,0.002025448
06/01/2000 06:55:30,0,0,0.00231415
06/01/2000 06:55:45,21,1,0.027214379
06/01/2000 06:56:00,10,1,0.002913865
06/01/2000 06:56:15,0,0,0.002551073
06/01/2000 06:56:30,0,0,0.002097997
06/01/2000 06:56:45,0,0,0.002413466
06/01/2000 06:57:00,0,0,0.002850987
06/01/2000 06:57:15,0,0,0.00217771
06/01/2000 06:57:30,0,0,0.00369398
06/01/2000 06:57:45,0,0,0.002568937
06/01/2000 06:58:00,0,0,0.002780311
06/01/2000 06:58:15,0,0,0.001982968
06/01/2000 06:58:30,0,0,0.002123951
06/01/2000 06:58:45,0,0,0.001956825
06/01/2000 06:59:00,0,0,0.001823213
06/01/2000 06:59:15,0,0,0.002735123
06/01/2000 06:59:30,0,0,0.002058291
06/01/2000 06:59:45,0,0,0.001989827
06/01/2000 07:00:00,0,0,0.00197378
06/01/2000 07:00:15,0,0,0.001919369
06/01/2000 07:00:30,0,0,0.002038288
06/01/2000 07:00:45,0,0,0.001895751
06/01/2000 07:01:00,0,0,0.001958032
06/01/2000 07:01:15,0,0,0.001840004
06/01/2000 07:01:30,0,0,0.001904079
06/01/2000 07:01:45,0,0,0.00189248
06/01/2000 07:02:00,0,0,0.002505767
06/01/2000 07:02:15,0,0,0.001943228
06/01/2000 07:02:30,0,0,0.001916855
06/01/2000 07:02:45,0,0,0.001965923
06/01/2000 07:03:00,0,0,0.001912319
06/01/2000 07:03:15,0,0,0.00190048
06/01/2000 07:03:30,117,1,0.064125863
06/01/2000 07:03:45,27,1,0.003798488
06/01/2000 07:04:00,0,0,0.003471779
06/01/2000 07:04:15,0,0,0.002090873
06/01/2000 07:04:30,0,0,0.002842109
06/01/2000 07:04:45,0,0,0.002093655
06/01/2000 07:05:00,0,0,0.002439555
06/01/2000 07:05:15,0,0,0.00216007
06/01/2000 07:05:30,0,0,0.002135139
06/01/2000 07:05:45,0,0,0.004322306
06/01/2000 07:06:00,0,0,0.002165618
06/01/2000 07:06:15,0,0,0.002174567
06/01/2000 07:06:30,0,0,0.002221825
06/01/2000 07:06:45,0,0,0.00233877
06/01/2000 07:07:00,0,0,0.00223708
06/01/2000 07:07:15,0,0,0.002380529
06/01/2000 07:07:30,0,0,0.002265844
06/01/2000 07:07:45,42,1,0.047522455
06/01/2000 07:08:00,62,1,0.025647166
06/01/2000 07:08:15,0,0,0.001199679
06/01/2000 07:08:30,0,0,0.001364125
06/01/2000 07:08:45,0,0,0.001423521
06/01/2000 07:09:00,0,0,0.001463471
06/01/2000 07:09:15,0,0,0.001480989
06/01/2000 07:09:30,0,0,0.001362772
06/01/2000 07:09:45,0,0,0.00133719
06/01/2000 07:10:00,0,0,0.001329205
06/01/2000 07:10:15,0,0,0.001368639
06/01/2000 07:10:30,0,0,0.001336231
06/01/2000 07:10:45,0,0,0.001348021
06/01/2000 07:11:00,0,0,0.001301747
06/01/2000 07:11:15,0,0,0.00130047
06/01/2000 07:11:30,0,0,0.001338042
06/01/2000 07:11:45,0,0,0.001298275
06/01/2000 07:12:00,0,0,0.001235735
06/01/2000 07:12:15,0,0,0.001250597
06/01/2000 07:12:30,0,0,0.00125235
06/01/2000 07:12:45,0,0,0.00118646
06/01/2000 07:13:00,0,0,0.001198273
06/01/2000 07:13:15,0,0,0.001116913
06/01/2000 07:13:30,0,0,0.001197729
06/01/2000 07:13:45,0,0,0.001263908
06/01/2000 07:14:00,0,0,0.001247841
06/01/2000 07:14:15,0,0,0.00118295
06/01/2000 07:14:30,0,0,0.001188784
06/01/2000 07:14:45,0,0,0.001310791
06/01/2000 07:15:00,0,0,0.001219077
06/01/2000 07:15:15,0,0,0.001268291
06/01/2000 07:15:30,0,0,0.001212867
06/01/2000 07:15:45,0,0,0.001915382
06/01/2000 07:16:00,0,0,0.00115084
06/01/2000 07:16:15,0,0,0.001140456
06/01/2000 07:16:30,0,0,0.001257139
06/01/2000 07:16:45,0,0,0.0012585
06/01/2000 07:17:00,0,0,0.001278721
06/01/2000 07:17:15,0,0,0.001279847
06/01/2000 07:17:30,0,0,0.00134047
06/01/2000 07:17:45,0,0,0.001300256
06/01/2000 07:18:00,0,0,0.001253821
06/01/2000 07:18:15,0,0,0.001208894
06/01/2000 07:18:30,0,0,0.00121928
06/01/2000 07:18:45,0,0,0.001088423
06/01/2000 07:19:00,0,0,0.001116399
06/01/2000 07:19:15,32,1,0.026592353
06/01/2000 07:19:30,0,0,0.001836252
06/01/2000 07:19:45,0,0,0.001915467
06/01/2000 07:20:00,0,0,0.002270845
06/01/2000 07:20:15,0,0,0.003056042
06/01/2000 07:20:30,0,0,0.001933092
06/01/2000 07:20:45,0,0,0.002320071
06/01/2000 07:21:00,0,0,0.001632596
06/01/2000 07:21:15,0,0,0.002566113
06/01/2000 07:21:30,0,0,0.002001693
06/01/2000 07:21:45,46,1,0.038973123
06/01/2000 07:22:00,5,1,0.003940586
06/01/2000 07:22:15,31,1,0.0417058
06/01/2000 07:22:30,44,1,0.010855571
06/01/2000 07:22:45,54,1,0.072492968
06/01/2000 07:23:00,159,1,0.042281204
06/01/2000 07:23:15,0,1,0.006475566
06/01/2000 07:23:30,0,1,0.005813843
06/01/2000 07:23:45,73,1,0.062335188
06/01/2000 07:24:00,149,1,0.131327653
06/01/2000 07:24:15,176,1,0.091161558
06/01/2000 07:24:30,46,1,0.078088748
06/01/2000 07:24:45,215,1,0.190724905
06/01/2000 07:25:00,350,1,0.319170017
06/01/2000 07:25:15,215,1,0.180811707
06/01/2000 07:25:30,144,1,0.074806828
06/01/2000 07:25:45,270,1,0.281129799
06/01/2000 07:26:00,105,1,0.086050089
06/01/2000 07:26:15,149,1,0.180595407
06/01/2000 07:26:30,182,NA,0.146303218
06/01/2000 07:26:45,237,NA,0.163973448
